fname,corpus,TimeSig,KeySig,last_mc,last_mn,length_qb,last_mc_unfolded,last_mn_unfolded,length_qb_unfolded,all_notes_qb,n_onsets,n_onset_positions,guitar_chord_count,form_label_count,label_count,composed_start,composed_end,composer,workTitle,movementNumber,movementTitle,workNumber,poet,lyricist,arranger,copyright,creationDate,mscVersion,platform,source,translator,title_text,subtitle_text,composer_text,musescore,ms3_version,subdirectory,rel_path,has_drumset,ambitus,typesetter,pdf,staff_1_instrument,staff_1_ambitus,staff_2_instrument,staff_2_ambitus,originalFormat,transcriber,staff_3_instrument,staff_3_ambitus,volta_mcs,part_name_text,text,lyricist_text,comments,comment,annotated_key,harmony_version,annotators,reviewers,composed_source,imslp,viaf,musicbrainz,wikidata,year,median_recording,qb_per_minute,sounding_notes_per_qb,sounding_notes_per_minute,percentage_resonances_1,percentage_resonances_2,percentage_resonances_3,percentage_resonances_4,percentage_resonances_5,percentage_resonances_6,percentage_resonances_entropy_1,percentage_resonances_entropy_2,percentage_resonances_entropy_3,percentage_resonances_entropy_4,percentage_resonances_entropy_5,percentage_resonances_entropy_6,moments_of_inertia_1,moments_of_inertia_2,moments_of_inertia_3,moments_of_inertia_4,moments_of_inertia_5,moments_of_inertia_6,partition_entropy,inverse_coherence
l000_etude,debussy_other_piano_pieces,1: 4/4,"1: -4, 7: 0, 9: -5, 38: 0, 42: -4, 48: -3, 57: -4, 64: 0, 66: -4",73,71,284.0,73,71,284.0,959.25,2473,1901,0,0,0,1915,1915,Claude Debussy,Etude Retrouve,,,,,,,,2021-05-19,,Microsoft Windows,http://musescore.com/user/33144689/scores/6884844,,Étude Retrouvée,,Claude Debussy,3.6.2,1.2.9,debussy_other_piano_pieces/MS3,debussy_other_piano_pieces/MS3/l000_etude.mscx,0,25-96 (Db1-C7),https://musescore.com/user/33144689,,Piano,32-96 (Ab1-C7),Piano,25-91 (Db1-G6),,,,,,,,,,,,,,,,,,,,1915.0,272.553,62.51995024820861,3.3776408450704225,211.1699375901201,0.996925213251339,0.0020333267208887127,0.15572307081928188,0.3224062685975005,0.5189446538385241,0.003967466772465781,3.675414195335957e-05,0.00033718798184559427,0.03623243100556352,0.07449875512518751,0.11318066095627989,0.0005872402925509732,1.9016256312822405e-08,3.4350622195046176e-06,0.004492603128727266,0.006561310035750709,0.03259558969069725,2.6021782545025843e-05,0.13053414712673714,-0.33218616201084983
l000_soirs,debussy_other_piano_pieces,1: 4/4,1: -4,23,23,92.0,23,23,92.0,528.0,462,134,0,0,0,1917,1917,Claude Debussy,,,,,,,,,2021-07-02,,Microsoft Windows,http://musescore.com/user/37796349/scores/6853240,,Les soirs illuminés par l'ardeur du charbon ,,Claude Debussy,3.6.2,1.2.9,debussy_other_piano_pieces/MS3,debussy_other_piano_pieces/MS3/l000_soirs.mscx,0,32-89 (Ab1-F6),https://musescore.com/sansenk,,Piano,54-89 (Gb3-F6),Piano,50-77 (D3-F5),,,Piano,32-39 (Ab1-Eb2),,,,,,,,,,,,,,,,1917.0,145.8265,37.85320226433467,5.739130434782608,217.24446516922507,0.9887640449438202,0.007322307789420527,0.25198838530488576,0.18179522787526828,0.5302360813028658,0.039893952783739424,0.0,0.002271733662031528,0.061014289049121304,0.04216191601615802,0.09647285018159314,0.00915737079576728,0.0,7.947714313918503e-06,0.005599152092066949,0.004763472196037281,0.050803347586687114,0.00038252391019114165,0.1538962903937144,-0.4220599010057424
l009_danse,debussy_other_piano_pieces,1: 2/4,"1: 2, 45: 5, 61: 2",92,92,184.0,92,92,184.0,586.5,1194,486,0,0,0,1880,1880,Claude Debussy,Danse Bohemian,,,,,,,Public Domain Work ,2021-10-08,,Microsoft Windows,http://musescore.com/user/35830795/scores/7275327,,Danse Bohémienne,,"Claude Debussy
(1880)",3.6.2,1.2.9,debussy_other_piano_pieces/MS3,debussy_other_piano_pieces/MS3/l009_danse.mscx,0,35-94 (B1-A#6),https://musescore.com/yazen23434/,,Piano,49-94 (C#3-A#6),Piano,35-71 (B1-B4),,,,,,,,,,,,,,,,,,,,1880.0,124.5995,88.60388685347854,3.1875,282.4248893454629,0.9947744035354893,0.0015527486637403327,0.07357639822031115,0.05374899220639613,0.8754516408372899,0.0008958165367732689,8.239907110668463e-06,0.0003275478724299457,0.019092868807055557,0.011483313495636542,0.30509146198427245,0.0001452178374564095,0.0,8.055410722328089e-07,0.0007792362305217885,0.00015906995953897724,0.06976111293202426,5.825152607712277e-08,0.09187644426933037,-0.42677886692582545
l066-01_arabesques_premiere,debussy_deux_arabesques,"1: 4/4, 94: 2/4, 95: 4/4","1: 4, 39: 3, 71: 4",107,107,426.0,107,107,426.0,1207.83,1484,1018,0,0,0,1888,1888,Claude Debussy,Premiere Arabesque,,,,,,,,2018-04-28,,Microsoft Windows,http://musescore.com/user/24069/scores/5077352,,Première Arabesque,,"Claude Debussy
L. 66, No. 1     ",3.6.2,1.2.9,debussy_deux_arabesques/MS3,debussy_deux_arabesques/MS3/l066-01_arabesques_premiere.mscx,0,28-92 (E1-G#6),https://musescore.com/hmscomp,https://imslp.org/wiki/Special:ReverseLookup/2821,Piano,50-92 (D3-G#6),Piano,28-83 (E1-B5),,,,,,,,,,,,,,,,,,,,1888.0,240.778,106.15587802872356,2.835281690140845,300.9818172756647,0.9976694666599601,0.00039121662782444435,0.0854305338989208,0.02428896377892907,0.8899060521212324,0.002313766913133142,8.0726690136458e-21,4.3085411666460643e-05,0.031662249848611754,0.00504563763095902,0.433356173622841,0.00027142023157777933,6.246957138217542e-10,3.819923452165801e-09,0.001682775715479216,1.396220600819132e-05,0.07180844285003214,2.9374227838208194e-07,0.08540807625328088,-0.4306290983798326
l066-02_arabesques_deuxieme,debussy_deux_arabesques,1: 4/4,1: 1,110,110,440.0,110,110,440.0,1222.0,1810,1048,0,0,0,1891,1891,Claude Debussy,,,,,,,,,2022-01-31,,Microsoft Windows,https://musescore.com/classicman/scores/110108,,"<font size=""24""/>Deuxième Arabesque",,"<font size=""12""/>Claude Debussy",3.6.2,1.2.9,debussy_deux_arabesques/MS3,debussy_deux_arabesques/MS3/l066-02_arabesques_deuxieme.mscx,0,29-93 (F1-A6),https://musescore.com/classicman,"https://imslp.org/wiki/2_Arabesques_(Debussy,_Claude)#IMSLP02821",Piano,41-93 (F2-A6),Piano,29-81 (F1-A5),mxl,,,,,,,,,,,,,,,,,,,1891.0,213.933,123.40312153805164,2.7772727272727273,342.7241239079525,0.9996596306206766,0.0004817535830422739,0.050018589404563045,0.03929433572988286,0.8132209939833167,0.09732469667851851,0.00016655697780012827,5.837008491588378e-05,0.009397516761516565,0.008818807057912903,0.22621041363356684,0.010529739980672252,1.2486217020066174e-06,4.5726130297537294e-08,0.00044501707888905135,3.797596176803375e-05,0.05832465601820997,0.0019405800483732584,0.0835379972830357,-0.3719120312608361
l067_mazurka,debussy_other_piano_pieces,1: 3/4,"1: 3, 54: 2, 111: 3",138,138,414.0,138,138,414.0,1436.5,1187,645,0,0,0,1890,1890,Claude Debussy,Mazurka,,,,,,,,2019-09-03,3.02,Apple Macintosh,http://musescore.com/user/4887176/scores/5699433,,Mazurka,,Claude Debussy,3.6.2,1.2.9,debussy_other_piano_pieces/MS3,debussy_other_piano_pieces/MS3/l067_mazurka.mscx,0,28-91 (E1-G6),https://musescore.com/user/4887176,,Piano,50-91 (D3-G6),Piano,28-74 (E1-D5),,,,,,,,,,,,,,,,,,,,1890.0,175.913,141.2061644108167,3.4698067632850242,489.9581042901889,0.9982353182583001,0.001067016867074322,0.04769917159624551,0.14016614976930158,0.8124336778664353,0.0003986656426431532,2.8851228565434688e-05,8.151751947684823e-05,0.004012831470949342,0.018357494076967115,0.13594201274504258,2.4959154556330214e-05,2.4516908389833657e-08,3.1957058603197465e-08,0.0006052996124465256,0.0013895316734122691,0.06198988572491446,2.980070724454497e-09,0.10351738471280697,-0.46064966860846673
l068_reverie,debussy_other_piano_pieces,"1: 4/4, 75: 3/4, 76: 4/4","1: -1, 59: 4, 69: 0, 76: -1",101,101,403.0,101,101,403.0,1286.0,1253,723,0,0,0,1890,1890,Claude Debussy,Reverie,,,,,,,,2016-10-09,,Microsoft Windows,http://musescore.com/user/24069/scores/2749626,,Rêverie,,Claude Debussy,3.6.2,1.2.9,debussy_other_piano_pieces/MS3,debussy_other_piano_pieces/MS3/l068_reverie.mscx,0,26-93 (D1-A6),https://musescore.com/hmscomp,,Piano,53-93 (F3-A6),Piano,26-79 (D1-G5),,,,,,,,,,,,,,,,,,,,1890.0,265.42650000000003,91.09866573232136,3.1910669975186106,290.70194573639026,0.9976048125411769,0.001822559094631455,0.1137375391757846,0.05393789753030928,0.8295229944153342,0.00337419724276364,1.7262843173795964e-06,0.0001997307660719776,0.02522151117847329,0.012482326739301079,0.29607614371686186,0.000433533242536545,9.18292702553367e-10,7.330684968701614e-07,0.0015896377380599485,0.0003015369114562484,0.05011490634606189,3.1814785952588926e-06,0.0886042136530836,-0.30317382033957235
l069_tarentelle,debussy_other_piano_pieces,"1: 6/8, 325: 3/4, 329: 6/8","1: 4, 96: -3, 112: 4, 179: 1, 271: 4",333,333,999.0,333,333,999.0,3643.5,3997,1675,0,0,0,1890,1890,Claude Debussy,,,,,,,,Domaine Public J. Jobert 1923 (J.J. 209),2022-01-26,3.02,Linux,https://musescore.com/user/56409/scores/263276#comments,,"<font face=""Times New Roman""/>Danse","<font face=""Times New Roman""/>Tarentelle Styrienne","<font face=""Times New Roman""/>Claude Debussy 1890. Edition revue par Maurice Ravel",3.6.2,1.2.9,debussy_other_piano_pieces/MS3,debussy_other_piano_pieces/MS3/l069_tarentelle.mscx,0,28-95 (E1-B6),https://musescore.com/user/56409,,Piano,51-95 (Eb3-B6),Piano,28-87 (E1-D#6),,,,,,,,,,,,,,,,,,,,1890.0,331.529,180.79866316370513,3.6471471471471473,659.3993285655251,0.9991217383343611,0.00046478452408378596,0.18310498194684355,0.1441234435503099,0.6718953248914246,0.0012897267529770858,1.6417965105554592e-07,4.097557688329862e-05,0.017785797234781697,0.021657035674585625,0.11572721181732251,8.924543478721338e-05,3.260255041385904e-10,7.940413028022313e-09,0.002951449373845407,0.001765018980811132,0.05096722129241521,1.0134050002930357e-07,0.10205578820648108,-0.3441820097450533
l070_ballade,debussy_other_piano_pieces,1: 4/4,"1: -1, 63: 4, 86: 0, 88: -1",105,105,420.0,105,105,420.0,2146.08,3070,1617,0,0,0,1890,1890,Claude Debussy,Ballade,,,,,,,,2019-10-23,3.02,Microsoft Windows,http://musescore.com/user/3797871/scores/5825949,,Ballade,,"CRAUDE DEBUSSY

",3.6.2,1.2.9,debussy_other_piano_pieces/MS3,debussy_other_piano_pieces/MS3/l070_ballade.mscx,0,29-93 (F1-A6),https://musescore.com/user/3797871,,Piano,40-93 (E2-A6),Piano,29-88 (F1-E6),,,,,,,,,,,,,,,,,,,,1890.0,396.02,63.63314984091713,5.109714285714285,325.14721478713193,0.9980952380952381,0.032664399092970524,0.08620181405895691,0.326859410430839,0.5537868480725624,0.0023922902494331066,5.21491542052772e-05,0.007478022075694734,0.017800740314822296,0.0663690147045247,0.16327413211597816,0.0003600546428606455,2.470492144263913e-08,0.000654914585356325,0.001730653811622673,0.017259447086922976,0.021901873731646485,5.566631929797774e-07,0.12514440547446723,-0.22715935293682565
l071_valse,debussy_other_piano_pieces,1: 3/4,"1: -4, 119: -1",151,151,453.0,151,151,453.0,1532.83,1614,828,0,0,0,1890,1890,Claude Debussy,Valse romantique,,,,,,,,2019-08-31,3.02,Apple Macintosh,http://musescore.com/user/4887176/scores/5696215,,Valse romantique,,Claude Debussy,3.6.2,1.2.9,debussy_other_piano_pieces/MS3,debussy_other_piano_pieces/MS3/l071_valse.mscx,0,25-93 (Db1-A6),https://musescore.com/user/4887176,,Piano,50-93 (D3-A6),Piano,25-88 (Db1-E6),,,,,,,,,,,,,,,,,,,,1890.0,221.45,122.73650937006097,3.3837306843267108,415.3072928426281,0.9982940103539314,0.0053392067885605285,0.023628202417883885,0.3078549269669274,0.663202245810001,0.001681407662695857,6.177021900554256e-06,0.0004278882244669952,0.0021865547303373052,0.04984781858363257,0.08270192011821953,9.522970385593563e-05,1.0111876522817989e-08,1.3295544374610296e-05,2.8253032669726298e-05,0.016925311514163533,0.04662360105638703,3.0420614481054217e-07,0.11246383966688894,-0.40101961382425766
l075-01_suite_prelude,debussy_suite_bergamasque,1: 4/4,1: -1,89,89,356.0,89,89,356.0,1533.67,1721,870,0,0,274,1890,1905,Claude Debussy,Suite Bergamasque,1,Prelude,L.75,,,,,2015-05-19,3.02,Microsoft Windows,http://musescore.com/score/890041,,Suite Bergamasque,1. Prelude,Claude Debussy,3.6.2,1.1.1,debussy_suite_bergamasque/MS3,debussy_suite_bergamasque/MS3/l075-01_suite_prelude.mscx,0,24-94 (C1-Bb6),,,Piano,48-94 (C3-Bb6),Piano,24-90 (C1-F#6),,,,,,,<b>Prélude</b>,,,,F,2.3.0,"Adrian Nagel (2.1.1), Amelia Brey (2.3.0)","AB, AN",Oxford Music Online,https://imslp.org/wiki/Suite_bergamasque_(Debussy%2C_Claude),https://viaf.org/viaf/177398380,https://musicbrainz.org/work/fe4cfa64-156a-3d74-bf2e-7c12f01908bb,https://www.wikidata.org/wiki/Q29117932,1897.5,245.458,87.02099748225766,4.308061797752809,374.89183485565763,0.9973918416807774,0.0010914139428131195,0.024877817814122575,0.03152260270124951,0.9444422152492998,0.0006741086117375149,2.704738330189742e-20,0.00020218620115323877,0.006527173097773847,0.007577049637220558,0.3170993403738513,0.00016917651076038442,1.2880454093499993e-10,2.473031960464145e-06,0.0002946787843022343,4.829296369019043e-05,0.06510926050882704,3.016667906229002e-08,0.06782386447661741,-0.43003705116931007
l075-02_suite_menuet,debussy_suite_bergamasque,1: 3/4,"1: 0, 73: -3, 80: 3, 97: 0",104,104,312.0,104,104,312.0,1266.0,2332,1073,0,0,305,1890,1905,Claude Debussy,Suite Bergamasque,2,Menuet,L.75,,,,,2015-05-19,3.02,Microsoft Windows,http://musescore.com/score/890041,,Suite Bergamasque,2. Menuet,Claude Debussy,3.6.2,1.1.1,debussy_suite_bergamasque/MS3,debussy_suite_bergamasque/MS3/l075-02_suite_menuet.mscx,0,27-93 (Eb1-A6),,,Piano,50-93 (D3-A6),Piano,27-77 (Eb1-F5),,,,,,,; <b>Menuet</b>,,,,a,2.3.0,"Adrian Nagel (2.1.1), Amelia Brey (2.3.0)","AB, AN",Oxford Music Online,https://imslp.org/wiki/Suite_bergamasque_(Debussy%2C_Claude),https://viaf.org/viaf/177398380,https://musicbrainz.org/work/82ea1cd4-1692-3b55-99a8-9b387cfa2ba3,https://www.wikidata.org/wiki/Q29117940,1897.5,249.453,75.04419670238482,4.0576923076923075,304.5062596962153,0.9971488033298648,0.012403746097814776,0.08903225806451613,0.04611862643080125,0.8438709677419355,0.011425598335067637,2.212233614353716e-05,0.0022387201397279276,0.024956393327013257,0.010776299643161583,0.3120876831510527,0.0012132055336414275,2.881127106937591e-08,8.890158538525178e-05,0.0010560369227277026,9.763405332737915e-05,0.05138068026736985,2.1394811580182655e-05,0.08951881691406283,-0.29001585257934753
l075-03_suite_clair,debussy_suite_bergamasque,1: 9/8,"1: -5, 37: 4, 43: -5",72,72,324.0,72,72,324.0,1464.0,1559,773,0,0,150,1890,1905,Claude Debussy,Suite Bergamasque,3,Clair de Lune,L.75,,,,,2015-05-19,3.02,Microsoft Windows,http://musescore.com/score/890041,,Suite Bergamasque,3. Clair de Lune,Claude Debussy,3.6.2,1.1.1,debussy_suite_bergamasque/MS3,debussy_suite_bergamasque/MS3/l075-03_suite_clair.mscx,0,27-97 (Eb1-C#7),,,Piano,54-97 (Gb3-C#7),Piano,27-97 (Eb1-C#7),,,,,,,<b>Clair de lune</b>,,,,Db,2.3.0,"Adrian Nagel (2.1.1), Amelia Brey (2.3.0)","AB, AN",Oxford Music Online,https://imslp.org/wiki/Suite_bergamasque_(Debussy%2C_Claude),https://viaf.org/viaf/177398380,https://musicbrainz.org/work/8d331505-4d88-39ae-81c7-bec5da77af96,https://www.wikidata.org/wiki/Q29117946,1897.5,303.454,64.06242791329163,4.518518518518518,289.4672668674659,0.996913699317156,0.00017360441340997647,0.016164499826395586,0.064773735581189,0.9207978087265152,0.001176652135334285,2.4198903515712176e-07,7.572522986284178e-06,0.001498529136271167,0.007657339446788839,0.15875532516525917,7.770012130080443e-05,1.7885922144797737e-09,4.9549317597005415e-09,2.7898154137645335e-05,0.00018469229420147286,0.08702350573003602,1.330359754669808e-07,0.07420746619016132,-0.5198021472583281
l075-04_suite_passepied,debussy_suite_bergamasque,1: 4/4,"1: 3, 76: -4, 88: 3",156,156,624.0,156,156,624.0,1825.33,2160,1285,0,0,284,1890,1905,Claude Debussy,Suite Bergamasque,4,Passepied,L.75,,,,,2015-05-19,3.02,Microsoft Windows,http://musescore.com/score/890041,,Suite Bergamasque,4. Passepied,Claude Debussy,3.6.2,1.1.1,debussy_suite_bergamasque/MS3,debussy_suite_bergamasque/MS3/l075-04_suite_passepied.mscx,0,30-97 (F#1-C#7),,,Piano,50-97 (D3-C#7),Piano,30-76 (F#1-E5),,,,,,,<b>Passepied</b>,,,,f#,2.3.0,"Adrian Nagel (2.1.1), Amelia Brey (2.3.0)","AB, AN",Oxford Music Online,https://imslp.org/wiki/Suite_bergamasque_(Debussy%2C_Claude),https://viaf.org/viaf/177398380,https://musicbrainz.org/work/59cce5c6-5483-32c4-8823-5841ae4e8a69,https://www.wikidata.org/wiki/Q29117951,1897.5,223.143,167.78478374853793,2.9252083333333334,490.80544762775435,0.9985556514997108,0.001545478826162156,0.02289175684120724,0.10576676235151346,0.8664742597389801,0.004766090742426246,6.192371811979514e-07,0.0001992741481643368,0.0037437428711606705,0.015954242286647703,0.18635567435307318,0.0005560878346217923,4.921839524356751e-10,2.9222513640131143e-06,8.079793890455818e-05,0.0008259705739131498,0.05758289233014338,4.179408641186924e-06,0.07454713955107828,-0.37161146486111213
l082_nocturne,debussy_other_piano_pieces,"1: 4/4, 32: 7/4, 47: 4/4","1: -5, 28: 3, 32: -1, 55: -5",77,77,355.0,77,77,355.0,1625.42,2156,1046,0,0,0,1892,1892,Claude Debussy,Nocturne ,,,,,,,,2018-09-08,3.02,Microsoft Windows,http://musescore.com/user/22164946/scores/6672848,,Nocturne ,for Piano,Claude Debussy,3.6.2,1.2.9,debussy_other_piano_pieces/MS3,debussy_other_piano_pieces/MS3/l082_nocturne.mscx,0,24-93 (C1-Bbb6),https://musescore.com/justisb,,Pianinas,45-93 (A2-Bbb6),Pianinas,24-85 (C1-Db6),,,,,,,,,,,,,,,,,,,,1892.0,406.573,52.38911585373353,4.578647887323944,239.87131462246637,0.9976917613636364,0.0016141528925619835,0.7024954803719008,0.06356534090909091,0.22703060433884298,0.007602660123966942,1.334904400910582e-05,9.633622340110928e-05,0.09085009589066001,0.006228658546305374,0.02541961623240085,0.00043650870977599677,1.1830529895767317e-07,8.114870466177249e-07,0.055028704880953634,0.00022769429790195966,0.002421693781671271,7.857089615609327e-06,0.11089885273193303,-0.35090022559577716
l087-01_images_lent,debussy_images,"1: 3/4, 21: 4/4, 22: 3/4","1: 3, 32: 6",57,57,172.0,57,57,172.0,968.33,1229,354,0,0,0,1894,1894,Claude Debussy,1,,,,,,,Public Domain,2021-02-23,,Microsoft Windows,http://musescore.com/user/27291303/scores/6630747,,Images oubliées,1,C. Debussy,3.6.2,1.2.9,debussy_images/MS3,debussy_images/MS3/l087-01_images_lent.mscx,0,26-97 (D1-C#7),https://musescore.com/user/27291303,https://imslp.org/wiki/Special:ReverseLookup/276950,Piano,48-97 (B#2-C#7),Piano,26-90 (D1-F#6),,,,,,,,,,,,,,,,,,,,1894.0,223.64600000000002,46.144353129499294,5.629825581395349,259.78465968539564,0.9947944835045971,0.0004732287723093564,0.22059221200648998,0.09315846403461331,0.6866549486208762,0.004326663061114116,6.455940032546997e-06,0.0001030462488165118,0.03873841687693176,0.016215159428340727,0.1609944455235183,0.0012874169704914398,1.6797009360796534e-08,0.0,0.008414557786129357,0.0004891946373917434,0.049049470924187,8.310883236151659e-07,0.11766141063097307,-0.3656649916982373
l087-02_images_souvenir,debussy_images,1: 3/4,1: 4,72,72,216.0,72,72,216.0,1367.0,1659,344,0,0,0,1894,1894,Claude Debussy,Images,,,,,,,,2022-02-06,,Microsoft Windows,,,2,"Dans le mouvement d'une ""Sarabande"", c'est-à-dire avec une élégance
grâve et lente, même un peu vieux portrait, souvenir du Louvre, etc.",,3.6.2,1.2.9,debussy_images/MS3,debussy_images/MS3/l087-02_images_souvenir.mscx,0,23-88 (B0-E6),tunescribers.com,https://imslp.org/wiki/Special:ReverseLookup/276950,Piano,49-88 (C#3-E6),Piano,23-76 (B0-E5),,,,,,,,,,,,,,,,,,,,1894.0,291.2395,44.4994583495714,6.328703703703703,281.6238868697412,0.9959705075445816,0.0009859396433470507,0.013974622770919067,0.040852194787379975,0.9451303155006858,0.0030864197530864196,1.5439269396255552e-06,0.00017124155943099074,0.002688336585805255,0.011107901914581787,0.4256609246432823,0.0005717861882838206,1.3863872513045824e-08,6.927261610948492e-07,4.821874280452505e-06,0.00011625882516405952,0.07477631991379517,9.521195765777994e-07,0.07313376971349435,-0.4509630518121518
l087-03_images_quelques,debussy_images,"1: 4/4, 75: 6/4, 90: 3/4, 91: 6/8","1: -1, 64: 5, 91: 2",186,186,677.0,186,186,677.0,2441.25,2846,1511,0,0,0,1894,1894,Claude Debussy,3,,,,,,,,2022-02-06,,Microsoft Windows,,,3,,,3.6.2,1.2.9,debussy_images/MS3,debussy_images/MS3/l087-03_images_quelques.mscx,0,26-94 (D1-A#6),tunescribers.com,https://imslp.org/wiki/Special:ReverseLookup/276950,Piano,37-94 (C#2-A#6),Piano,26-87 (D1-D#6),,,,,,,,,,,,,,,,,,,,1894.0,242.945,167.19833707217683,3.6059822747415065,602.9142398485254,1.0075251620560777,0.005650962518191081,0.06130094320891761,0.1818169917242854,0.5996085781174658,0.14409736237506246,0.0013581991668815449,0.0005800669554719182,0.006069845948876678,0.02805790902409089,0.09151799759425518,0.01928195272542048,1.5885174914488246e-05,8.72251071049814e-06,0.0022487134256897368,0.001713987312132875,0.024895559889224747,0.007774124309956593,0.11491133403226718,-0.2738107320588618
l095-01_pour_prelude,debussy_pour_le_piano,1: 3/4,1: 0,163,163,536.12,163,163,536.12,1882.87,3349,1965,0,0,0,1901,1901,Claude Debussy,,,,,,,,,2017-07-07,3.02,Microsoft Windows,https://musescore.com/user/2410551/scores/5066906,,Suite: Pour le piano,I. Prélude,,3.6.2,1.2.9,debussy_pour_le_piano/MS3,debussy_pour_le_piano/MS3/l095-01_pour_prelude.mscx,0,21-92 (A0-Ab6),https://musescore.com/user/2410551,,Piano,38-92 (D2-Ab6),Piano,21-86 (A0-D6),,,,,,,,,,,,,,,,,,,,1901.0,246.743,130.3672241968364,3.512030888607028,457.85371824124695,1.0327254316518073,0.022741695535927926,0.1058921035201426,0.06505553648277033,0.268572558076631,0.5050126747327209,0.00036407655179116237,0.0005448785779720717,0.0029305240444023706,0.005297083173163273,0.014153670411401966,0.029937560631032527,0.0024740557841703694,0.0007623852549171622,0.008474012494005208,0.00039555990178055244,0.005601591881549573,0.02978038187922608,0.12377671145029955,-0.29303279873571936
l095-02_pour_sarabande,debussy_pour_le_piano,1: 3/4,1: 4,72,72,216.0,72,72,216.0,1338.33,1682,401,0,0,0,1894,1894,Claude Debussy,Sarabande,,,,,,,,2018-02-01,3.02,Microsoft Windows,https://musescore.com/user/3797871/scores/5451653,,Sarabande,,C.Debussy,3.6.2,1.2.9,debussy_pour_le_piano/MS3,debussy_pour_le_piano/MS3/l095-02_pour_sarabande.mscx,0,25-88 (C#1-E6),https://musescore.com/user/3797871,,Piano,44-88 (G#2-E6),Piano,25-83 (C#1-B5),,,,,,,,,,,,,,,,,,,,1894.0,311.0865,41.6604384954024,6.195972222222222,258.1269196831106,0.9954989711934157,0.001286008230452675,0.013545953360768175,0.034722222222222224,0.9518604252400549,0.0030864197530864196,1.6133418759119466e-06,0.0001503900637552618,0.002683306505334113,0.008662559921786895,0.44798626349821496,0.0005979158810424229,6.51357398508129e-09,5.381984489619532e-07,4.607081252996217e-06,7.653319568364044e-05,0.07442019649044519,9.494629268972424e-07,0.07169145485613744,-0.4466147826069941
l095-03_pour_toccata,debussy_pour_le_piano,1: 2/4,"1: 4, 78: 0, 198: 7, 206: 4, 228: 7",266,266,532.0,266,266,532.0,1650.75,3563,2118,0,0,0,1901,1901,Claude Debussy,Pour le piano,,,,,,,PD,2021-06-24,,Microsoft Windows,http://musescore.com/user/34296022/scores/6843948,,Pour le piano,III. Toccata; L. 95,Claude Debussy,3.6.2,1.2.9,debussy_pour_le_piano/MS3,debussy_pour_le_piano/MS3/l095-03_pour_toccata.mscx,0,25-93 (C#1-A6),https://musescore.com/mil_not_sniw,,Piano,40-93 (E2-A6),Piano,25-84 (C#1-C6),,,,,,,,,,,,,,,,,,,,1901.0,233.76,136.55030800821356,3.1029135338345863,423.70379876796716,1.0173250910586926,0.11112884405999411,0.06051191476835449,0.21864725972740912,0.5626451885189796,0.0297417018665702,0.001327042792758942,0.01194491657477857,0.006230472209725641,0.025712735971278926,0.09130221124159049,0.00308862991941904,0.0001611470907578695,0.003707403783881024,0.00026482647444081824,0.004998698216416724,0.01191108473707058,0.0003335816553570869,0.14051805157820574,-0.15409071580469152
l099_cahier,debussy_other_piano_pieces,"1: 6/8, 10: 9/8, 11: 6/8, 47: 6/4, 50: 9/4, 51: 6/4","1: -5, 43: 0, 47: -5",55,55,202.0,55,55,202.0,1136.52,1268,452,0,0,0,1903,1903,Claude DEBUSSY.,...D'un Cahier d'Esquisses.,,,,,,,,2022-02-04,,Microsoft Windows,,,...D'un Cahier d'Esquisses.,,Claude DEBUSSY.,3.6.2,1.2.9,debussy_other_piano_pieces/MS3,debussy_other_piano_pieces/MS3/l099_cahier.mscx,0,25-94 (Db1-Bb6),tunescribers.com,,Piano,48-94 (C3-Bb6),Piano,44-78 (Ab2-Gb5),,,Piano,25-69 (Db1-Bbb4),,,,,,,,,,,,,,,,1903.0,294.6065,41.1396218345488,5.6263366336633664,231.4653614227792,0.9953714016979778,0.003663275661493527,0.17455013489765106,0.05282047474072424,0.7034974381822232,0.0700972748199302,2.4662247785764005e-20,0.00046369675634594414,0.05449116862099048,0.01210852417424482,0.23361758277160521,0.015903206772286765,1.225309402126629e-09,1.5404969065969972e-06,0.006150850482513367,0.00022347205107244798,0.050335904001350226,0.0005694214720211617,0.12225356837428163,-0.38171537440337405
l100-01_estampes_pagode,debussy_estampes,"1: 4/4, 92: 2/4, 93: 4/4, 94: 2/4, 95: 4/4",1: 5,98,98,388.0,98,98,388.0,1913.08,2733,1486,0,0,0,1903,1903,Claude Debussy,,,,,,,,,2020-11-14,3.02,Microsoft Windows,http://musescore.com/user/2749876/scores/7325573,,"<b><font size=""28""/><font face=""Arial""/>E S T A M P E S</b>","<b><font size=""10""/><font face=""Georgia""/>Claude DEBUSSY</b>; <font face=""Georgia""/>I. Pagodes",,3.6.2,1.2.9,debussy_estampes/MS3,debussy_estampes/MS3/l100-01_estampes_pagode.mscx,0,23-99 (B0-D#7),https://musescore.com/user/2749876,,Piano,47-99 (B2-D#7),Piano,23-80 (B0-G#5),,,,,,,,,,,,,,,,,,,,1903.0,300.173,77.555276457243,4.930618556701031,382.3954852701608,0.9974226804123711,0.003015729620576044,0.0006509724731639919,0.029878308002975876,0.9687533212881284,0.000278988202784568,0.0,0.0006286912737018319,0.00012667138709943177,0.010324520661550499,0.42101299607224085,7.795075093412502e-05,0.0,1.9040130111719873e-06,2.65100353025057e-08,5.8621448939244734e-05,0.11459731966462254,2.1441915862553915e-09,0.06062650684407256,-0.6713107760727052
l100-02_estampes_soiree,debussy_estampes,"1: 2/4, 109: 3/4, 113: 2/4, 115: 3/4, 119: 2/4","1: 3, 67: 6, 92: 3, 113: 6, 115: 3, 134: 1",136,136,280.0,136,136,280.0,1458.42,2410,835,0,0,0,1903,1903,Claude Debussy,La soirée dans Grenade,,,L100,,,,Oli 2021,2021-01-06,3.02,Apple Macintosh,http://musescore.com/user/4887176/scores/6540482,,II. La soirée dans Grenade,Estampes ,"Debussy, Claude ",3.6.2,1.2.9,debussy_estampes/MS3,debussy_estampes/MS3/l100-02_estampes_soiree.mscx,0,25-97 (C#1-C#7),https://musescore.com/user/4887176,,Piano,37-97 (C#2-C#7),Piano,25-83 (C#1-B5),,,Piano,28-54 (E1-F#3),,,,,,,,,,,,,,,,1903.0,322.066,52.16322120310744,5.208642857142857,271.69958952512843,0.9978032142444213,0.02124844233758559,0.0973779884636631,0.03931090299456585,0.8141210929972637,0.030138358962500483,9.04796801217437e-06,0.0007287530307308124,0.023157332807247164,0.00994527252146819,0.2539006807945758,0.00673567869286098,4.405658466404531e-07,0.00017907299827732903,0.0011244207647790926,8.906120792570846e-05,0.05863170537249328,8.60818826195592e-05,0.09842672383219267,-0.32559787051068084
l100-03_estampes_jardins,debussy_estampes,1: 2/2,"1: 1, 27: 6, 31: 3, 37: 0, 43: -3, 56: 0, 71: 7, 100: 0, 126: 5",157,157,631.0,157,157,631.0,1680.83,2815,2129,0,0,0,1903,1903,Claude Debussy,Estampes,III, Jardins sous la pluie,,,,,"Creative Commons copyright waiver (CC0 1.0 Universal)
",2021-10-15,,Microsoft Windows,http://musescore.com/user/202809/scores/6875432,,III. Jardins sous la pluie,Estampes,Claude debussy  (1862 - 1918),3.6.2,1.2.9,debussy_estampes/MS3,debussy_estampes/MS3/l100-03_estampes_jardins.mscx,0,28-95 (E1-B6),https://musescore.com/user/202809,,Piano,30-95 (F#1-B6),Piano,28-88 (E1-E6),,"Vinckeenbosch from IMSLP #256285.
 https://imslp.org/wiki/Estampes_(Debussy%2C_Claude)",,,,,,,,,,,,,,,,,,1903.0,226.853,166.89221654551625,2.663755942947702,444.5601336548337,1.2267181224390442,0.16944399367114285,0.06093553491013834,0.4212696255426184,0.10237230719298958,0.019260416244066696,0.02456543254910588,0.014637692757795964,0.003454811522516493,0.0318320035983409,0.011067305250351423,0.0013223292840412286,0.01771864875887226,0.012059246155568845,0.0006860973943972839,0.01196142015022504,0.0012104586200024172,2.4238302408947687e-05,0.11318175912070966,-0.35618336505235315
l105_masques,debussy_other_piano_pieces,1: 6/8,"1: 0, 96: 7, 122: 0, 148: -6, 216: 0",381,381,1143.0,381,381,1143.0,4680.0,3727,1769,0,0,0,1904,1904,Claude Debussy,Masques,,,,,,,D. & F. 6443,2022-02-03,,Microsoft Windows,,,Masques,,,3.6.2,1.2.9,debussy_other_piano_pieces/MS3,debussy_other_piano_pieces/MS3/l105_masques.mscx,0,25-91 (Db1-G6),tunescribers.com,https://imslp.org/wiki/Special:ReverseLookup/102814,Piano,40-91 (E2-G6),Piano,25-87 (Db1-Eb6),,,,,,,,,,,,,,,,,,,,1904.0,283.06,242.28078852540096,4.094488188976378,992.0158270331378,1.0000650618585187,0.027062671409293436,0.06451993150899882,0.4691648889470618,0.11001424471984747,0.32917320155627966,3.9539860256114745e-05,0.0022018089297687433,0.005538618739991847,0.05678384826441442,0.007830658425567079,0.042932371467306274,1.909586753001208e-07,0.001047775775588215,0.0006396155673866911,0.029511744818461663,0.0019365044929435745,0.009031333645958598,0.11285808240707147,-0.33331328688008005
l106_isle,debussy_other_piano_pieces,"1: 4/4, 28: 3/8, 64: 4/4, 67: 3/8","1: 3, 115: 0, 160: 3",255,255,458.25,255,255,458.25,1868.88,4847,2954,0,0,0,1904,1904,Claude Debussy,,,,,,,,,2018-05-22,3.02,Microsoft Windows,http://musescore.com/user/33438643/scores/5835997,,,,,3.6.2,1.2.9,debussy_other_piano_pieces/MS3,debussy_other_piano_pieces/MS3/l106_isle.mscx,0,22-95 (Bb0-B6),https://musescore.com/user/31759,,Piano,33-95 (A1-B6),Piano,22-92 (Bb0-G#6),,,,,,,,,,,,,,,,,,,,1904.0,355.413,77.36070430738324,4.078297872340426,315.4999957795579,0.9987319082397361,0.0017924906084933545,0.06022959135027936,0.49454625197841384,0.3081176941705917,0.13658206365248565,6.445112199759388e-05,0.00016015762209822007,0.009348647179222945,0.06387008994025864,0.07131690086783002,0.021270328259278208,4.450268005262814e-06,1.0918060261443964e-06,0.0004919835807832602,0.032957254392810116,0.011758094608647882,0.0013833666921141993,0.13138626829100755,-0.24743819148325788
l108_morceau,debussy_other_piano_pieces,1: 2/4,"1: 0, 19: -4",27,27,54.0,27,27,54.0,250.25,487,125,0,0,0,1904,1904,Claude Debussy,,,,,,,,,2022-02-03,,Microsoft Windows,,,Pièce pour Piano,(Morceau de Concours),,3.6.2,1.2.9,debussy_other_piano_pieces/MS3,debussy_other_piano_pieces/MS3/l108_morceau.mscx,0,30-84 (Gb1-C6),tunescribers.com,https://imslp.org/wiki/Special:ReverseLookup/4564,Piano,54-84 (Gb3-C6),Piano,30-68 (Gb1-Ab4),,,,,,,,,,,,,,,,,,,,1904.0,54.76,59.1672753834916,4.6342592592592595,274.1964937910884,1.006051975792097,0.006407974368102528,0.004271982912068352,0.13955144179423282,0.5375578497686009,0.30615877536489855,0.004645427309540101,0.001349771452905134,0.0005436842342709404,0.03568384731198892,0.1004443730210456,0.11886188344103119,0.00022461520790948764,3.66455817196657e-06,5.432561281777246e-06,0.002399208290746686,0.04386752683894474,0.006813607930381315,0.15735177805579814,-0.42869451657356905
l110-01_images_reflets,debussy_images,"1: 4/8, 11: 3/8, 12: 4/8","1: -5, 49: 0, 57: -3, 66: 3, 70: -5",95,95,189.5,95,95,189.5,863.5,2060,1291,0,0,0,1904,1904,Claude Debussy,Images I Reflets dans l'eau,,,,,,www.sheetmusiclibrary.website,www.sheetmusiclibrary.website,2021-03-27,,,http://musescore.com/user/7854941/scores/6800569,,Images I (L. 110),1. Reflets dans l'eau.,Claude Debussy,3.6.2,1.2.9,debussy_images/MS3,debussy_images/MS3/l110-01_images_reflets.mscx,0,24-96 (C1-C7),https://musescore.com/sheetmusiclibrary,,Piano,49-96 (Db3-C7),Piano,24-93 (C1-A6),,,,,,,,www.sheetmusiclibrary.website,,,,,,,,,,,,1904.0,306.48749999999995,37.097760920102786,4.556728232189974,169.04441453566625,0.9954570637119113,0.0009418282548476454,0.03590027700831025,0.0997229916897507,0.6460387811634349,0.22193905817174514,8.328936612699367e-05,6.791392842871685e-05,0.006637014223517363,0.02098574464756377,0.1509291550012648,0.056667520450178706,6.137193343864167e-08,3.5442494279021027e-07,0.00016729945183394215,0.0011027386335412872,0.04799487944999403,0.007715046845661991,0.11091918423402423,-0.38363402116796164
l110-02_images_hommage,debussy_images,"1: 3/2, 11: 4/2, 12: 3/2, 16: 1/2, 17: 3/2, 42: 2/2, 43: 3/2","1: 5, 51: 0, 57: 5",76,76,452.0,76,76,452.0,3091.75,2076,587,0,0,0,1904,1904,Claude Debussy,Hommage à Rameau,,,,,,,,2019-09-08,3.02,Apple Macintosh,http://musescore.com/user/4887176/scores/5715607,,Hommage à Rameau,Images,Claude Debussy,3.6.2,1.2.9,debussy_images/MS3,debussy_images/MS3/l110-02_images_hommage.mscx,0,24-99 (C1-D#7),https://musescore.com/user/4887176,,Piano,44-99 (G#2-D#7),Piano,24-93 (C1-A6),,,,,,,,,,,,,,,,,,,,1904.0,420.733,64.45893238704832,6.840154867256637,440.909080105435,0.9982477092959511,0.12547967734356644,0.05393922781737019,0.5561711958649855,0.230245124911896,0.035917064766230716,4.247636499457169e-07,0.01396742419869792,0.0065623380511579295,0.06630364977144211,0.02490834393849284,0.0035643398117094108,2.6979441416886645e-09,0.004604007495960587,0.0003494101703001964,0.031076196763892765,0.00804834482759539,0.0002398365814767002,0.13268818613207178,-0.29098974184996523
l110-03_images_mouvement,debussy_images,1: 2/4,"1: 0, 67: 2, 115: 0",177,177,354.0,177,177,354.0,1500.0,3482,2032,0,0,0,1905,1905,Claude Debussy,Mouvement (III),,,,,,,,2019-10-18,3.02,Apple Macintosh,http://musescore.com/user/4887176/scores/5835723,,Mouvement (III),Images,Claude Debussy,3.6.2,1.2.9,debussy_images/MS3,debussy_images/MS3/l110-03_images_mouvement.mscx,0,24-92 (C1-G#6),https://musescore.com/user/4887176,,Piano,52-92 (E3-G#6),Piano,24-86 (C1-D6),,,,,,,,,,,,,,,,,,,,1905.0,206.605,102.8048691948404,4.237288135593221,435.6138525205102,0.9981301511126804,0.17114333635612194,0.023882705101557673,0.016290958116989943,0.39969825614522225,0.3908545931674277,9.377030033175112e-05,0.012606596851648479,0.0017867270429228366,0.0022793256413993494,0.08301875740804472,0.04444912633394192,1.084874066235106e-06,0.016298804956350443,0.00011632073305635678,1.54455415209682e-05,0.01586211069473739,0.026054039734733334,0.12251623987638492,-0.3776790875950892
l111-01_images_cloches,debussy_images,"1: 4/4, 9: 2/4, 10: 4/4, 11: 2/4, 12: 4/4, 15: 2/4, 17: 4/4, 24: 12/8, 41: 4/4","1: 0, 25: 4, 41: 0",50,49,224.0,50,49,224.0,1100.98,1792,1102,0,0,0,1907,1907,,,,,,,,,,2022-02-07,,Microsoft Windows,,,"<i><font size=""19""/>à Alexandre Charpentier</i>",,,3.6.2,1.2.9,debussy_images/MS3,debussy_images/MS3/l111-01_images_cloches.mscx,0,28-94 (E1-Bb6),,,Piano,50-94 (D3-Bb6),Piano,28-91 (E1-G6),,,Piano,28-79 (E1-G5),,,,,,,,,,,,,,,,1907.0,271.569,49.490184814908915,4.915089285714286,243.24867713177866,0.9958545918367347,0.0026307397959183672,0.022321428571428572,0.7376036352040817,0.14481026785714285,0.09677933673469388,1.0112511227766148e-05,0.0002794019376699636,0.0025006767717383606,0.2207572193261752,0.02940593669050206,0.028119241658773778,2.7391104083467854e-08,6.475259498934044e-06,8.621272052655657e-05,0.06826749156709956,0.002431229277335827,0.0016814891191110014,0.1261522122398515,-0.4093222376413545
l111-02_images_lune,debussy_images,1: 4/4,1: 1,57,57,228.0,57,57,228.0,1362.58,1345,393,0,0,0,1907,1907,Claude Debussy,Et la lune descend sur le temple qui fut (2),2,Images (Deuxième Série) ,,,,,Oli 2020,2020-06-14,3.02,Apple Macintosh,http://musescore.com/user/4887176/scores/6207140,,Et la lune descend sur le temple qui fut ,Images (Deuxième Série); 2,Claude Debussy,3.6.2,1.2.9,debussy_images/MS3,debussy_images/MS3/l111-02_images_lune.mscx,0,26-95 (D1-B6),https://musescore.com/user/4887176,,Grand Piano,59-95 (B3-B6),Grand Piano,47-95 (B2-B6),,,Grand Piano,26-81 (D1-A5),,,,,,,,,,,,,,,,1907.0,332.7795,41.10830144284729,5.976228070175439,245.67258499997743,0.9964097886626948,0.03807564672320441,0.18610879310679423,0.4867938442430476,0.21114323972908458,0.08146868753517436,1.2564784988580947e-05,0.0026977416509317634,0.017000350592394436,0.05303388821526162,0.016478444946777093,0.005375354929244161,6.043985169253753e-08,0.00016184200058138473,0.0060712962237799446,0.028310209173629336,0.005284565313450149,0.0007733063806930378,0.15571664831431492,-0.30185548254498734
l111-03_images_poissons,debussy_images,1: 3/4,"1: 6, 26: -3, 37: 0, 46: 6, 51: 3, 55: 0, 72: -3, 78: 0, 86: 6",106,97,306.5,106,99,306.5,983.33,3248,1832,0,0,0,1907,1907,,,,,,,,,,2022-02-08,,Microsoft Windows,,,"<i><font size=""14""/>à Ricardo Viñes</i>",,,3.6.2,1.2.9,debussy_images/MS3,debussy_images/MS3/l111-03_images_poissons.mscx,0,25-97 (C#1-C#7),tunescribers.com,https://imslp.org/wiki/Special:ReverseLookup/256280,Piano,61-97 (C#4-C#7),Piano,25-97 (C#1-C#7),,,Piano,25-90 (C#1-F#6),,,,"<font size=""16""/>Poissons d'or","b.91 second ""E"" in the middle staff should poss be Enatural? Not marked in source material, but chromatic passage would suggest it. The E nat is written when the passage repeats a beat later, and again at b.93
",,,,,,,,,,,1907.0,246.32,74.65898018837285,3.2082544861337685,239.52500811951936,0.9985251832910694,0.0038621099428110643,0.16906280172733928,0.17417691434391877,0.3851287546817473,0.2692442360131142,0.0003259377846234093,0.000360925949664875,0.04293331777711356,0.05053761948860777,0.10282123703662796,0.0587094355840466,4.445973316262119e-07,1.2084028280972894e-05,0.00426806535043589,0.0021535508185738517,0.010900920721701717,0.012539243505630508,0.1548115000868936,-0.21411835325868478
l113-01_childrens_doctor,debussy_childrens_corner,1: 4/4,"1: 0, 33: -2, 37: -4, 45: 0",76,76,304.0,76,76,304.0,707.25,1259,1033,0,0,0,1906,1908,Claude Debussy,,,,,,,,,2022-01-26,3.02,Linux,https://musescore.com/nicolas/doctor-gradus-ad-parnassum,,"<font face=""Times New Roman""/>Doctor Gradus ad Parnassum",,"<font face=""Times New Roman""/>Claude Debussy",3.6.2,1.2.9,debussy_childrens_corner/MS3,debussy_childrens_corner/MS3/l113-01_childrens_doctor.mscx,0,24-89 (C1-F6),https://musescore.com/nicolas,,Piano,36-89 (C2-F6),Piano,24-79 (C1-G5),,,,,,,,,,,,,,,,,,,,1907.0,133.64,136.48608201137387,2.3264802631578947,317.53217599521105,0.9972737607752674,0.019116786790432775,0.1612123486495734,0.11938058078829152,0.6098608183132637,0.09315570468317126,2.000228324368554e-05,0.0021669920711976285,0.017529331002724594,0.011062955064611885,0.06720529862496244,0.008258182528162336,1.625486170605877e-06,0.0008231474991415807,0.003910052937390447,0.0029609127656826197,0.03677490519665235,0.0031163815274491036,0.13761541810714983,-0.33461713508104707
l113-02_childrens_jimbos,debussy_childrens_corner,1: 2/2,1: -2,81,81,324.0,81,81,324.0,1013.0,716,403,0,0,0,1906,1908,Claude Debussy,,,,,,,,,2022-01-26,3.02,Linux,https://musescore.com/nicolas/jimbos-lullaby,,"<font face=""Times New Roman""/>Jimbo's Lullaby",,"<font face=""Times New Roman""/>Claude Debussy",3.6.2,1.2.9,debussy_childrens_corner/MS3,debussy_childrens_corner/MS3/l113-02_childrens_jimbos.mscx,0,29-83 (F1-B5),https://musescore.com/nicolas,,Piano,41-83 (F2-B5),Piano,29-61 (F1-Db4),,,,,,,,,,,,,,,,,,,,1907.0,207.7045,93.59450565587169,3.126543209876543,292.62726614011734,0.9996409196339321,0.003513164662610029,0.015139604623402334,0.21735037509340943,0.6127075630088994,0.15164837297774672,0.00011834670854678058,0.0004849001142968242,0.0019479941579049595,0.022560911848711365,0.1085044097761175,0.019204453572929915,2.5207910763971664e-06,1.732167513098827e-05,7.72086635596154e-05,0.010625476305532684,0.0394071025576893,0.0036156525523814717,0.12320619248365532,-0.35264496666131084
l113-03_childrens_serenade,debussy_childrens_corner,1: 3/4,1: 4,124,124,372.0,124,124,372.0,942.0,1283,580,0,0,0,1908,1908,Claude Debussy,Serenade for the Doll,,,,,,,,2019-05-20,3.02,Microsoft Windows,https://musescore.com/user/29737597/scores/5703647,,Serenade for the Doll, (Serenade a la poupee),Claude Debussy,3.6.2,1.2.9,debussy_childrens_corner/MS3,debussy_childrens_corner/MS3/l113-03_childrens_serenade.mscx,0,40-88 (E2-E6),https://musescore.com/user/29737597,,Piano,55-88 (G3-E6),Piano,40-80 (E2-G#5),,,,,,,,,,,,,,,,,,,,1908.0,165.133,135.16377707665941,2.532258064516129,342.2695645328311,0.9978988633073228,0.00204916511370639,0.043552183177542336,0.4280973204938785,0.4583150814097662,0.07008738649778379,1.4978675201743307e-05,0.0002476885366362161,0.009774060277207978,0.15350524401801302,0.17074331876034643,0.02309914960993827,1.6041525894935393e-09,2.2251217794794558e-07,0.00026871061842368446,0.02434952820760391,0.02554917306929585,0.0012228349068436188,0.12563265255147435,-0.28618203464297126
l113-04_childrens_snow,debussy_childrens_corner,"1: 4/4, 48: 2/4, 49: 4/4, 52: 2/4, 53: 4/4",1: -1,74,74,292.0,74,74,292.0,676.0,1411,1171,0,0,0,1906,1908,,,,,,,,,,2022-03-09,,Microsoft Windows,,,IV. The Snow is Dancing,,,3.6.2,1.2.9,debussy_childrens_corner/MS3,debussy_childrens_corner/MS3/l113-04_childrens_snow.mscx,0,36-93 (C2-A6),tunescribers.com,https://imslp.org/wiki/Special:ReverseLookup/82215,Piano,58-93 (Bb3-A6),Piano,36-86 (C2-D6),,,,,,,,,,,,,,,,,,,,1907.0,158.0,110.88607594936708,2.315068493150685,256.7088607594937,1.002017264027022,0.0012431975980484143,0.13222462000375304,0.4382623381497467,0.055287108275473826,0.3709654719459561,0.001058690155844099,0.0003999240625406266,0.025411728727598833,0.08219504507756226,0.006180967450845958,0.07408163992774452,3.640578087493624e-05,3.310938292610265e-07,0.002081270591231715,0.02471221325274199,0.00018214583956158354,0.02740816273644421,0.132562720822064,-0.3660920057259581
l113-05_childrens_little,debussy_childrens_corner,1: 4/4,1: 3,31,31,124.0,31,31,124.0,391.5,336,221,0,0,0,1906,1908,Claude Debussy,,,,,,,,,2022-01-26,3.02,Linux,https://musescore.com/nicolas/the-little-shepherd,,"<font face=""Times New Roman""/>The Little Shepherd",,"<font face=""Times New Roman""/>Claude Debussy",3.6.2,1.2.9,debussy_childrens_corner/MS3,debussy_childrens_corner/MS3/l113-05_childrens_little.mscx,0,28-88 (E1-E6),https://musescore.com/nicolas,,Piano,56-88 (G#3-E6),Piano,28-77 (E1-E#5),,,,,,,,,,,,,,,,,,,,1907.0,144.386,51.528541548349565,3.157258064516129,162.6889033562811,0.9979188345473465,0.029656607700312174,0.09937565036420395,0.23283038501560874,0.6337148803329865,0.0065036420395421434,0.0006883694997003697,0.006471579196497188,0.025653568194552365,0.0641370326692833,0.1832599370607742,0.0010116238510823725,5.884844703375696e-06,0.0006229043154979189,0.0007039110564329853,0.011659531065998156,0.04732161424546701,5.323895556794319e-06,0.1387552626942325,-0.32916610548028113
l113-06_childrens_golliwoggs,debussy_childrens_corner,1: 2/4,"1: -3, 47: -6, 90: -3",128,128,256.0,128,128,256.0,806.5,1320,539,0,0,0,1906,1908,Claude Debussy,,,,,,,,,2022-01-26,3.02,Linux,https://musescore.com/nicolas/golliwoggs-cakewalk,,"<font face=""Times New Roman""/>Golliwogg's cakewalk",,"<font face=""Times New Roman""/>Claude Debussy",3.6.2,1.2.9,debussy_childrens_corner/MS3,debussy_childrens_corner/MS3/l113-06_childrens_golliwoggs.mscx,0,22-94 (Bb0-Bb6),https://musescore.com/nicolas,,Piano,41-94 (F2-Bb6),Piano,22-71 (Bb0-Cb5),,,,,,,,,,,,,,,,,,,,1907.0,175.715,87.4142788037447,3.150390625,275.3891244344535,0.9970934256055364,0.0008612072279892349,0.04988850442137639,0.020607458669742406,0.9173702422145329,0.014179161860822761,1.4081837953868145e-05,0.00014726320357619953,0.004979411541577434,0.0024206186323599567,0.1559670839574117,0.002108036036672624,1.0149144992788436e-08,2.9160996103441716e-08,0.00011673305467519788,3.101728686602687e-05,0.06065395906195639,8.926228605499127e-05,0.07905558960487946,-0.35972843243405145
l114_petit,debussy_other_piano_pieces,1: 2/4,1: 0,87,87,174.0,87,87,174.0,426.5,672,384,0,0,0,1909,1909,Claude Debussy,Le petit nègre,,,,,,,,2019-10-25,3.02,Microsoft Windows,http://musescore.com/user/19496546/scores/5815359,,"The little nigar
<i><font size=""16""/>Le petit nègre</i>",,Claude <b>Debussy</b>,3.6.2,1.2.9,debussy_other_piano_pieces/MS3,debussy_other_piano_pieces/MS3/l114_petit.mscx,0,38-84 (D2-C6),https://musescore.com/user/19496546,,Piano,45-84 (A2-C6),Piano,38-77 (D2-F5),,,,,,,,1909,,,,,,,,,,,,1909.0,95.906,108.85658874314433,2.4511494252873565,266.8237649365003,0.995706169903554,0.0027744748315497426,0.024045448540097766,0.04637336504161712,0.9267406526621746,0.004359889021006738,0.00011655696891305892,0.0003681281506413306,0.004481769385922847,0.011170420595678241,0.3697703276244378,0.0006335465787061154,1.4968163161088396e-06,8.882479968356891e-07,1.0429554971037095e-05,4.877467911046524e-05,0.0662975117258147,5.018491711255238e-06,0.08128242372651515,-0.3660053410755581
l115_hommage,debussy_other_piano_pieces,"1: 3/4, 23: 3/8, 87: 3/4, 89: 3/8, 113: 3/4, 115: 3/8",1: 1,118,118,216.0,118,118,216.0,1104.0,824,370,0,0,0,1909,1909,Claude Debussy,Hommage à Haydn,,,,,,,,2021-06-27,,Microsoft Windows,http://musescore.com/user/27291303/scores/6845062,,Hommage à Haydn,,Claude Debussy,3.6.2,1.2.9,debussy_other_piano_pieces/MS3,debussy_other_piano_pieces/MS3/l115_hommage.mscx,0,24-98 (C1-D7),https://musescore.com/user/27291303,,Piano,45-98 (A2-D7),Piano,24-79 (C1-G5),,,,,,,,,,,,,,,,,,,,1909.0,141.874,91.34866148836292,5.111111111111111,466.89315871829933,0.9973422496570644,0.0018861454046639231,0.00257201646090535,0.13481652949245543,0.7946244855967078,0.06875857338820301,0.0001947098724615273,0.00030722021697200544,0.00047923565188842676,0.03223597752925598,0.2309482888335321,0.01925464358464676,3.235537815566105e-07,3.2338355456967646e-07,4.787513740927139e-07,0.00176048719744447,0.07616363944292233,0.0007151745414950244,0.09969803153885683,-0.4690817577639464
l117-01_preludes_danseuses,debussy_preludes,1: 3/4,1: -2,31,31,97.0,31,31,97.0,756.0,822,171,0,0,0,1909,1909,,,,,,,,,,2022-03-10,3.02,Microsoft Windows,https://musescore.com/nicolas/scores/101607,,"<font face=""Times New Roman""/>Préludes - Book I - I","<font face=""Times New Roman""/>Danseuses de Delphes","<font face=""Times New Roman""/>Claude Debussy",3.6.2,1.2.9,debussy_preludes/MS3,debussy_preludes/MS3/l117-01_preludes_danseuses.mscx,0,22-96 (Bb0-C7),https://musescore.com/nicolas,https://imslp.org/wiki/Special:ReverseLookup/521885,Piano,50-96 (D3-C7),Piano,22-76 (Bb0-E5),,,,,,,,,,layout completely screwed unless viewed on musescore.com,,,,,,,,,,1909.0,197.746,29.431695204959897,7.793814432989691,229.38517087576992,0.9895833333333334,0.0006510416666666666,0.09331597222222222,0.028645833333333332,0.8435329861111112,0.044270833333333336,0.0,0.00012751894822878566,0.020354360961089286,0.0055726004100606595,0.30687125190939674,0.006441134651217028,0.0,5.810576833980521e-07,0.0009084696532488216,6.516183369474317e-05,0.07483870853045266,0.00023008528408767178,0.10638350416366982,-0.4456559997590345
l117-02_preludes_voiles,debussy_preludes,1: 2/4,"1: 0, 42: -5, 48: 0",64,64,128.0,64,64,128.0,471.75,965,514,0,0,0,1909,1909,Claude Debussy,,,,,,,,,2021-10-20,,Apple Macintosh,http://musescore.com/user/18230801/scores/7074797,,_II. ,,Claude Debussy,3.6.2,1.2.9,debussy_preludes/MS3,debussy_preludes/MS3/l117-02_preludes_voiles.mscx,0,34-98 (Bb1-D7),https://musescore.com/user/18230801,,Piano,48-98 (C3-D7),Piano,34-86 (Bb1-D6),,,,,,,,,,,,,,,,,,,,1909.0,233.02,32.958544330958716,3.685546875,121.47026006351386,0.99249798499597,0.0,0.005828011656023312,0.00682001364002728,0.04526009052018104,0.9495938991877984,0.0,0.0,0.0006436575274098609,0.0012484328909225938,0.007859342902969054,0.31767959191699113,0.0,0.0,1.6922726589240402e-05,8.882478085492557e-06,0.0005498330363280128,0.14613541708529856,0.07470396442017042,-0.8084455938330105
l117-03_preludes_vent,debussy_preludes,1: 4/4,"1: -6, 21: 0, 28: -6, 33: 0, 44: -6",59,59,236.0,59,59,236.0,764.0,1678,1229,0,0,0,1909,1909,Claude Debussy,Le Vent dans la plaine,,,,,,,,2020-05-24,3.02,Apple Macintosh,http://musescore.com/user/6053266/scores/6170327,,Le Vent dans la plaine,"from Preludes, Bk 1, No.3 ","Claude Debussy
(1862-1918)
",3.6.2,1.2.9,debussy_preludes/MS3,debussy_preludes/MS3/l117-03_preludes_vent.mscx,0,27-95 (Eb1-B6),https://musescore.com/derek_john_benton,,Grand Piano,34-95 (Bb1-B6),Grand Piano,27-76 (Eb1-E5),,,,,,,,,,,,,,,,,,,,1909.0,132.12,107.17529518619436,3.23728813559322,346.9573115349682,1.0451378914105143,0.009156851479459925,0.18008474576271186,0.3656636024130997,0.34731399023269177,0.05264291870152255,0.007643402470582648,0.0010412214061027427,0.03176122140202936,0.05763858689118683,0.07731212790406042,0.011143108619196136,0.00017441402003740385,9.467784444328868e-06,0.005087942074693162,0.021093886208793385,0.021786645666526522,0.00036840071897549487,0.15057163334485632,-0.2968653512139371
l117-04_preludes_sons,debussy_preludes,"1: 5/4, 3: 3/4, 24: 5/4, 29: 3/4, 30: 5/4, 31: 3/4, 44: 5/4, 46: 3/4, 49: 5/4, 50: 3/4","1: 3, 27: -4, 37: 3",53,53,181.5,53,53,181.5,935.33,1149,368,0,0,0,1910,1910,Claude Debussy,,,,,,,,,2022-01-26,3.02,Linux,https://musescore.com/nicolas/scores/86980,,"<font face=""Times New Roman""/>Préludes - Book I - IV","<font face=""Times New Roman""/>Les sons et les parfums tournent dans l'air du soir","<font face=""Times New Roman""/>Claude Debussy",3.6.2,1.2.9,debussy_preludes/MS3,debussy_preludes/MS3/l117-04_preludes_sons.mscx,0,21-99 (A0-D#7),https://musescore.com/nicolas,,Part_1,32-99 (Ab1-D#7),Part_1,21-75 (A0-D#5),,,,,,,,,,,,,,,,,,,,1910.0,218.78,49.77603071578755,5.153333333333333,256.51247828869185,0.9959545948556937,0.006641709938413235,0.22515396691220868,0.5667189952904239,0.03701243811133921,0.16851829489192127,3.391861804892665e-05,0.000539478891778606,0.031277047000702024,0.08145705868387584,0.0044490662396039675,0.028683662683784146,3.3420240212783274e-08,2.7893725215964564e-05,0.008308077447359086,0.0301665592101007,0.00021606305316693785,0.005285757772025669,0.1402642193405235,-0.2915113031122631
l117-05_preludes_collines,debussy_preludes,"1: 12/16, 2: 2/4, 3: 12/16, 4: 2/4, 5: 12/16, 7: 2/4, 10: 12/16, 17: 6/16, 18: 12/16, 39: 2/4, 49: 6/8, 66: 12/16, 70: 6/16, 71: 12/16, 81: 2/4",1: 5,96,96,256.0,96,96,256.0,990.85,1660,907,0,0,0,1909,1909,Claude Debussy,Les collines d'Anacapri,,,,,,,,2020-03-14,3.02,Apple Macintosh,http://musescore.com/user/23335511/scores/6078729,,Les collines d'Anacapri,"Préludes, Livre 1",Claude Debussy,3.6.2,1.2.9,debussy_preludes/MS3,debussy_preludes/MS3/l117-05_preludes_collines.mscx,0,28-95 (E1-B6),https://musescore.com/user/23335511,,Piano,49-95 (C#3-B6),Piano,28-85 (E1-C#6),,,,,,,,,,,,,,,,,,,,1909.0,184.69299999999998,83.1650360327679,3.8705078125,321.89092169167213,0.996856689453125,0.001251220703125,0.01123046875,0.07537841796875,0.913726806640625,0.001556396484375,3.3467725304723104e-05,0.00026654692747810505,0.0030577138380002153,0.017546035901461764,0.26954003761425294,0.00034884066452144655,2.504753458140831e-08,5.673523898807369e-07,6.693228582450528e-06,0.0005923057470102452,0.10068239883683991,2.2397116742231288e-07,0.07492942058050978,-0.5863946869322995
l117-06_preludes_pas,debussy_preludes,"1: 4/4, 13: 2/4, 14: 4/4",1: -1,36,36,142.0,36,36,142.0,535.17,391,221,0,0,0,1909,1909,Claude Debussy,,,,,,,,,2022-01-26,,Linux,https://musescore.com/nicolas/scores/86941,,"<font size=""24""/>Préludes - Book I - VI","<font size=""14""/>... Des pas sur la neige","<font size=""12""/>Claude Debussy",3.6.2,1.2.9,debussy_preludes/MS3,debussy_preludes/MS3/l117-06_preludes_pas.mscx,0,26-89 (D1-F6),https://musescore.com/nicolas,,Piano,52-89 (E3-F6),Piano,26-80 (D1-Ab5),mxl,,,,,,,,,,,,,,,,,,,1909.0,258.146,33.004578804242556,3.7688028169014083,124.38774956807386,0.9943463598492362,0.04393969450505852,0.030648680817298154,0.7905177544138068,0.04225352112676056,0.09829398928783971,9.184819733255427e-05,0.008610531090657505,0.00833189137761755,0.31625963501127985,0.010978077755255665,0.024452439197708214,1.6780150094204034e-07,0.0007856648042949389,7.34973391258946e-05,0.07625428753570765,0.00028252760966247277,0.0021420195359839033,0.11350766762451557,-0.6042895673491181
l117-07_preludes_ce,debussy_preludes,"1: 4/4, 38: 3/4, 48: 4/4, 75: 3/4, 76: 4/4","1: 3, 26: 0, 38: 3",77,70,272.0,77,70,272.0,1226.54,2285,1380,0,0,0,1909,1910,Claude Debussy,,,,,,,,,2021-08-28,,Microsoft Windows,http://musescore.com/user/36526887/scores/7013623,,,,,3.6.2,1.2.9,debussy_preludes/MS3,debussy_preludes/MS3/l117-07_preludes_ce.mscx,0,23-99 (B0-D#7),https://musescore.com/user/36526887,,Piano,36-99 (C2-D#7),Piano,23-92 (B0-G#6),,,,,,"<i><font size=""25""/>VII.</i>",,,,,,,,,,,,,,1909.5,211.0,77.34597156398104,4.509338235294117,348.77914691943124,0.9999309020052238,0.0024598886140324207,0.007462583435828693,0.6267464518179683,0.005997705946573431,0.3574024681803734,0.0007890704231348556,0.0002977768029095206,0.000863118537811956,0.1164960393490373,0.00018267160728489197,0.05875760538571454,1.959398396041504e-06,2.4291467918938368e-06,1.2387002477504108e-05,0.06432141021767472,5.801560266197436e-06,0.011386629048935126,0.09729437955734095,-0.36570039515822567
l117-08_preludes_fille,debussy_preludes,1: 3/4,1: -6,39,39,117.0,39,39,117.0,657.25,591,242,0,0,0,1910,1910,Claude Debussy,,,,,,,,,2019-02-16,3.02,Microsoft Windows,https://musescore.com/r_d/scores/5449385,,(...The girl with the flaxen hair); (...La fille aux cheveux de lin),,CLAUDE DEBUSSY,3.6.2,1.2.9,debussy_preludes/MS3,debussy_preludes/MS3/l117-08_preludes_fille.mscx,0,30-90 (Gb1-Gb6),https://musescore.com/r_d,,Piano,51-90 (Eb3-Gb6),Piano,30-73 (Gb1-Db5),,,,,,,,,,,,,,,,,,,,1910.0,151.44,46.354992076069735,5.617521367521367,260.4001584786054,0.9914555765595463,0.00045368620037807185,0.16665406427221172,0.06684310018903591,0.7742911153119093,0.00030245746691871453,0.0,7.713806752204586e-05,0.09230475440718817,0.030402303627475112,0.4840243251690401,0.00013081819683024212,0.0,1.1435064911860665e-08,0.005966846435979631,0.0005326219824583199,0.085601240571355,6.861038947116399e-09,0.11786846213168563,-0.5708160070304534
l117-09_preludes_serenade,debussy_preludes,"1: 3/8, 80: 2/4, 85: 3/8, 87: 2/4, 90: 3/8","1: -5, 46: 0, 50: -5, 80: 2, 85: -5, 87: 2, 90: -5",137,137,209.5,137,137,209.5,451.75,1309,750,0,0,0,1909,1910,Claude Debussy,La Serenade Interrompue,,,,,,,,2020-04-12,3.02,Apple Macintosh,http://musescore.com/user/23335511/scores/6084245,,La Sérénade Interrompue,"Préludes, Livre 1",Claude Debussy,3.6.2,1.2.9,debussy_preludes/MS3,debussy_preludes/MS3/l117-09_preludes_serenade.mscx,0,34-84 (Bb1-C6),https://musescore.com/user/23335511,,Piano,37-84 (Db2-C6),Piano,34-67 (Bb1-G4),,,,,,,,,,,,,,,,,,,,1909.5,163.03300000000002,77.10095502137604,2.156324582338902,166.25468463439915,0.9978709278633731,0.2314965316728097,0.5689888052013461,0.10068450813854994,0.09019940019688194,0.010759826927039216,0.00041805729906810486,0.06836483702915097,0.12364828721799506,0.03312550193151149,0.024850459718694276,0.002309620509691336,4.443916548988879e-07,0.010190135087676818,0.04333496135120192,0.0008731642784397825,0.0011753167626854012,1.7100525537404876e-05,0.13506042545599414,-0.3280904964412656
l117-10_preludes_cathedrale,debussy_preludes,1: 3/2,"1: 0, 47: 4",89,89,534.0,89,89,534.0,3835.25,1707,511,0,0,0,1909,1910,Claude Debussy,La Cathédrale engloutie,,,,,,,,2021-10-15,,Linux,http://musescore.com/user/38837413/scores/7079966,,La Cathédrale engloutie,,Claude Debussy,3.6.2,1.2.9,debussy_preludes/MS3,debussy_preludes/MS3/l117-10_preludes_cathedrale.mscx,0,23-95 (B0-B6),http://musescore.com/user/38837413,,Piano,36-95 (C2-B6),Piano,23-76 (B0-E5),,,,,,,,,,,,,,,,,,,,1909.5,398.693,80.36258474565643,7.182116104868914,577.173414130672,0.9986313656683616,0.22043231692282403,0.1947391554489871,0.10295131878459554,0.4808301857126011,0.0024156574626305652,2.5640300287684657e-05,0.025692707132544915,0.03889891642565044,0.015105960183603424,0.1396479372525599,0.000491534747009293,2.3362660063466266e-08,0.012405838917321787,0.014099248109563,0.0023772556355576386,0.015451605839655191,8.569567326158615e-06,0.13024143808470331,-0.31598484362034646
l117-11_preludes_danse,debussy_preludes,"1: 2/4, 32: 3/4, 38: 2/4, 40: 3/4, 41: 2/4","1: -3, 53: 0, 63: -3, 77: 0, 87: -3",96,96,199.0,96,96,199.0,677.83,1489,884,0,0,0,1910,1910,,,,,,,,,,2022-02-12,,Microsoft Windows,,,(...La danse de Puck),,,3.6.2,1.2.9,debussy_preludes/MS3,debussy_preludes/MS3/l117-11_preludes_danse.mscx,0,27-91 (Eb1-G6),tunescribers.com,https://imslp.org/wiki/Special:ReverseLookup/246412,Piano,52-91 (E3-G6),Piano,27-87 (Eb1-Eb6),,,Piano,27-27 (Eb1-Eb1),,,,,,,,,,,,,,,,1910.0,167.26,71.38586631591535,3.4061809045226132,243.15317469807488,1.012449180576248,0.001969647231130527,0.076412211812833,0.20075250624984217,0.10868412413827934,0.5997323299916669,0.004892153193340277,0.00023459759080957126,0.01615292209883099,0.06455205485224881,0.023900651693159337,0.10935653154907309,4.9798286755034214e-05,5.426668154760447e-07,0.0006894796019051313,0.0018598057289296178,0.0009574316072514956,0.05272303310040989,0.13599163131634218,-0.32401689218469787
l117-12_preludes_minstrels,debussy_preludes,1: 2/4,1: 1,89,89,178.0,89,89,178.0,590.0,1197,508,0,0,0,1910,1910,Claude Debussy,Prelude,,,,,,,,2020-04-23,3.02,Microsoft Windows,http://musescore.com/user/6053266/scores/6106422,,Prélude,"Book 1, No. 12. 'Minstrels'","Claude Debussy
(1862-1918)
",3.6.2,1.2.9,debussy_preludes/MS3,debussy_preludes/MS3/l117-12_preludes_minstrels.mscx,0,24-86 (C1-D6),https://musescore.com/derek_john_benton,,Grand Piano,35-86 (B1-D6),Grand Piano,24-68 (C1-Ab4),,,,,,,,,,,,,,,,,,,,1910.0,146.64,72.83142389525369,3.3146067415730336,241.40752864157122,1.00213859363529,0.19936799770180982,0.03798397650738932,0.23639439496951706,0.4960898847712982,0.02802515241469565,0.0008762651886196548,0.028143535584470213,0.005098374730667875,0.027644897051235493,0.08090855833902626,0.0026328525246106633,2.1401577151689935e-05,0.008663676102751991,5.412509726382768e-05,0.007133916792603226,0.02447763847288905,0.00024004750020259087,0.15970474217752792,-0.27842976995768215
l121_plus,debussy_other_piano_pieces,1: 3/4,"1: -6, 76: 3, 104: -6",148,148,444.0,148,148,444.0,1598.5,1447,688,0,0,0,1910,1910,Claude Debussy,La plus que lente,,,,,,,,2019-07-28,3.02,Apple Macintosh,http://musescore.com/user/4887176/scores/5663924,,La plus que lente,Valse,Claude Debussy,3.6.2,1.2.9,debussy_other_piano_pieces/MS3,debussy_other_piano_pieces/MS3/l121_plus.mscx,0,27-94 (Eb1-Bb6),http://musescore.com/user/4887176,,Piano,53-94 (F3-Bb6),Piano,27-84 (Eb1-C6),,,,,,,,,,,,,,,,,,,,1910.0,258.755,102.95453227956948,3.600225225225225,370.65950416417076,0.9983597369408836,0.0010695132172294465,0.050051161810151124,0.037258138327137355,0.8923853744067544,0.020876075297844004,5.638568250151018e-05,0.00020624219645660718,0.011414989315618337,0.0072914749534968735,0.30737715423432127,0.005463575946649261,2.0859830391733897e-08,5.8276061015954284e-08,0.00019155390093963847,2.3006439421805332e-05,0.04955482459685256,4.7791188104424124e-05,0.07785673644112003,-0.29953021353404835
l123-01_preludes_brouillards,debussy_preludes,"1: 4/8, 3: 3/8, 4: 3/4, 5: 4/8, 24: 3/4, 25: 4/8, 26: 3/8, 27: 4/8",1: 0,52,52,105.0,52,52,105.0,436.36,1309,818,0,0,0,1910,1912,Claude Debussy,Brouillards,,,,,,,,2020-06-09,3.02,Apple Macintosh,http://musescore.com/user/6053266/scores/6197179,,Brouillards,"(Fog)

No 1 from Préludes Book 2
","Claude Debussy
(1862-1918)
",3.6.2,1.2.9,debussy_preludes/MS3,debussy_preludes/MS3/l123-01_preludes_brouillards.mscx,0,36-94 (C2-A#6),https://musescore.com/derek_john_benton,https://imslp.org/wiki/Special:ReverseLookup/521885,Grand Piano,43-93 (G2-A6),Grand Piano,36-94 (C2-A#6),,,Grand Piano,36-74 (C2-D5),,,,,,,,,,,,,,,,1911.0,185.68650000000002,33.92815309675178,4.155809523809524,140.99894176474865,0.9917460317460317,0.22040816326530613,0.1511111111111111,0.601360544217687,0.034104308390022674,0.0012698412698412698,7.13166881622013e-05,0.06601920262508136,0.03851533882338484,0.14645665681590592,0.008556754926711858,0.00012468966785930503,0.0,0.013466271045606942,0.0014808625266369247,0.05636152402704354,0.00010857367193683813,4.068547676218283e-06,0.1523179885727042,-0.44827678717187286
l123-02_preludes_feuilles,debussy_preludes,"1: 3/4, 5: 2/4, 6: 3/4, 12: 2/4, 15: 3/4, 18: 2/4, 41: 3/4, 45: 2/4, 47: 3/4",1: 4,52,52,127.0,52,52,127.0,810.5,686,225,0,0,0,1910,1912,Claude Debussy,Feuilles mortes,,,,,,,,2020-06-08,3.02,Apple Macintosh,http://musescore.com/user/6053266/scores/6195188,,Feuilles mortes,"(Dead Leaves)

No 2 from Préludes Book 2
","Claude Debussy
(1862-1918)
",3.6.2,1.2.9,debussy_preludes/MS3,debussy_preludes/MS3/l123-02_preludes_feuilles.mscx,0,25-97 (C#1-C#7),https://musescore.com/derek_john_benton,https://imslp.org/wiki/Special:ReverseLookup/510,Grand Piano,45-97 (A2-C#7),Grand Piano,33-81 (A1-A5),,,Grand Piano,25-64 (C#1-E4),,,,,,,,,,,,,,,,1911.0,213.4065,35.70650378502998,6.381889763779528,227.87497100603778,0.9939859879719759,0.00062000124000248,0.1303242606485213,0.6326492652985306,0.059768119536239075,0.1826523653047306,0.00018365205387634026,0.00013417387871937379,0.03683396585519678,0.13999182704612154,0.006749549780250191,0.03194579136157441,6.378972638812001e-06,0.0,0.004161538191995097,0.04491770876840592,0.0008294757671684675,0.0036223055621827315,0.1359470686605596,-0.4261066939302994
l123-03_preludes_puerta,debussy_preludes,1: 2/4,1: -5,90,90,180.0,90,90,180.0,822.52,1006,519,0,0,0,1910,1912,Claude Debussy,La puerta del vino,,,,,,,,2020-06-05,3.02,Apple Macintosh,http://musescore.com/user/6053266/scores/6194473,,La puerta del vino,"(The Gate of Wine)

No 3 from Préludes Book 2
","Claude Debussy
(1862-1918)
",3.6.2,1.2.9,debussy_preludes/MS3,debussy_preludes/MS3/l123-03_preludes_puerta.mscx,0,25-87 (Db1-Eb6),https://musescore.com/derek_john_benton,https://imslp.org/wiki/Special:ReverseLookup/510,Grand Piano,34-87 (Bb1-Eb6),Grand Piano,34-81 (Bb1-A5),,,Grand Piano,25-46 (Db1-Bb2),,,,,,,,,,,,,,,,1911.0,204.0,52.94117647058823,4.569555555555556,241.91764705882352,0.9948503479916357,0.0010611404138447613,0.058300302737118066,0.8766268218844605,0.06148372397865235,0.007677662994288568,0.00010732649047063048,0.00021948981406887694,0.018226150290034104,0.41697517015151636,0.017334542476684135,0.002427814882888363,1.9426833655366665e-08,2.6902456635084725e-08,0.0002744193950745117,0.07647151816434934,0.00036331117002307044,4.8880897677499745e-06,0.08761351356731559,-0.4875318203782708
l123-04_preludes_fees,debussy_preludes,1: 3/8,"1: -5, 32: 4, 42: -5, 73: 0, 101: -5",127,127,190.75,127,127,190.75,840.3,1465,947,0,0,0,1910,1912,Claude Debussy,"""Les fees sont d'exquises danseuses""",,,,,,,,2020-06-04,3.02,Apple Macintosh,http://musescore.com/user/6053266/scores/6189705,,"""Les fées sont d'exquises danseuses""","(The Fairies are Exquisite Dancers)

No 4 from Preludes Book 2 
","Claude Debussy
(1862-1918)
",3.6.2,1.2.9,debussy_preludes/MS3,debussy_preludes/MS3/l123-04_preludes_fees.mscx,0,31-92 (G1-G#6),https://musescore.com/derek_john_benton,https://imslp.org/wiki/Special:ReverseLookup/510,Grand Piano,46-92 (Bb2-G#6),Grand Piano,39-87 (Eb2-Eb6),,,Grand Piano,31-75 (G1-Eb5),,,,,,,,,,,,,,,,1911.0,187.733,60.964241768895185,4.40524246395806,268.56226662334274,1.0633240997229918,0.019722991689750693,0.03468144044321329,0.14238227146814406,0.18060941828254848,0.5592797783933517,0.010893471531085478,0.00290125315418414,0.0046664528184262154,0.03126803971131731,0.03662522825801028,0.1577515121985609,0.0017896025923450634,0.00013239312408562878,8.199058803390327e-05,0.0008398484907294309,0.003331354811529055,0.05170406514468559,0.11977164205005035,-0.4910314840986191
l123-05_preludes_bruyeres,debussy_preludes,"1: 3/4, 16: 5/4, 17: 3/4","1: -4, 23: -2, 38: -4",51,51,155.0,51,51,155.0,806.75,785,462,0,0,0,1910,1912,Claude Debussy,Bruyeres,,,,,,,,2020-06-03,3.02,Apple Macintosh,http://musescore.com/user/6053266/scores/6187793,,Bruyères,"(Heather)

No 5 from Préludes Book 2
","Claude Debussy
(1862-1918)
",3.6.2,1.2.9,debussy_preludes/MS3,debussy_preludes/MS3/l123-05_preludes_bruyeres.mscx,0,25-93 (Db1-A6),https://musescore.com/derek_john_benton,https://imslp.org/wiki/Special:ReverseLookup/510,Grand Piano,53-93 (F3-A6),Grand Piano,39-75 (Eb2-Eb5),,,Grand Piano,25-61 (Db1-Db4),,,,,,,,,,,,,,,,1911.0,176.72,52.625622453598915,5.20483870967742,273.9078768673608,0.9936406297969387,0.00017543090215341433,0.031577562387614576,0.03859479847375115,0.9356607166352353,0.00035086180430682866,0.0,5.290778589653919e-05,0.007908769291641126,0.010342847312574299,0.439030180959033,9.916408661922541e-05,3.847000178795104e-09,0.0,6.879535141791883e-05,7.246890809742629e-05,0.07873030081836077,1.923499497552281e-08,0.079414962371316,-0.46747852032513465
l123-06_preludes_general,debussy_preludes,1: 2/4,"1: -1, 47: -5, 71: -1",110,109,218.5,110,109,218.5,715.12,1028,520,0,0,0,1910,1912,Claude Debussy,"""General Lavine"" - excentric",,,,,,,,2020-06-03,3.02,Apple Macintosh,http://musescore.com/user/6053266/scores/6186267,,"""General Lavine"" - excentric","(General Lavine - Eccentric)

No 6 from Préludes Book 2
","Claude Debussy
(1862-1918)
",3.6.2,1.2.9,debussy_preludes/MS3,debussy_preludes/MS3/l123-06_preludes_general.mscx,0,26-89 (D1-F6),https://musescore.com/derek_john_benton,https://imslp.org/wiki/Special:ReverseLookup/510,Grand Piano,48-89 (C3-F6),Grand Piano,36-80 (C2-Ab5),,,Grand Piano,26-65 (D1-F4),,,,,,,,,,,,,,,,1911.0,155.3865,84.37026382600804,3.2728604118993134,276.1320964176424,0.9967933062923401,0.004841895134744845,0.022170782985410604,0.8999554035974432,0.07165155344135574,0.004587058548705642,0.0003029664039430516,0.0005307116675568176,0.0042946943245391654,0.1892397622772336,0.009113196654303924,0.0004838719291564947,4.6823623353331706e-08,1.759644983767309e-06,3.651653058925544e-05,0.0730678361227064,0.0003083828518965002,2.1637781802847182e-06,0.08775927564552552,-0.4028183915416795
l123-07_preludes_terrasse,debussy_preludes,"1: 6/8, 9: 3/8, 10: 6/8, 15: 3/8, 16: 6/8, 20: 9/8, 21: 6/8","1: 6, 9: -2, 13: 6, 25: -3, 28: 0, 32: 6",45,45,134.0,45,45,134.0,863.32,1450,423,0,0,0,1910,1912,Claude Debussy,La terrasse des audiences du clair de lune,,,,,,,,2020-06-02,3.02,Apple Macintosh,http://musescore.com/user/6053266/scores/6184900,,La terrasse des audiences du clair de lune,"(The Terrace for Moonlight Audiences)

No 7 from Préludes Book 2
","Claude Debussy
(1862-1918)
",3.6.2,1.2.9,debussy_preludes/MS3,debussy_preludes/MS3/l123-07_preludes_terrasse.mscx,0,22-93 (Bb0-A6),https://musescore.com/derek_john_benton,https://imslp.org/wiki/Special:ReverseLookup/510,Grand Piano,53-93 (F3-A6),Grand Piano,38-83 (D2-B5),,,Grand Piano,22-91 (Bb0-G6),,,,,,,,,,,,,,,,1911.0,280.969,28.615256487370495,6.44268656716418,184.35912858713954,0.9936118491718017,0.05890666515913845,0.04940923737916219,0.8407484877607553,0.011419526259257165,0.04590423426988524,9.672403080794482e-05,0.006914722220109939,0.0067804572326975055,0.1549617476351073,0.0014890586915687902,0.004961093923949089,1.3347740182291133e-07,0.000532005879188676,0.00025534381431672706,0.06309637324208563,1.0616794700760923e-05,0.00020117176606523104,0.10763822000455528,-0.35757225996158337
l123-08_preludes_ondine,debussy_preludes,"1: 6/8, 2: 9/8, 3: 6/8, 47: 9/8, 48: 6/8","1: 2, 32: -3, 44: 5, 54: 2",74,74,225.0,74,74,225.0,786.57,1731,1012,0,0,0,1910,1912,Claude Debussy,Ondine,,,,,,,,2020-06-01,3.02,Apple Macintosh,http://musescore.com/user/6053266/scores/6184120,,Ondine,"(Undine)

No 8 from Préludes Book 2
","Claude Debussy
(1862-1918)
",3.6.2,1.2.9,debussy_preludes/MS3,debussy_preludes/MS3/l123-08_preludes_ondine.mscx,0,26-95 (D1-Cb7),https://musescore.com/derek_john_benton,https://imslp.org/wiki/Special:ReverseLookup/510,Grand Piano,49-95 (Db3-Cb7),Grand Piano,39-93 (Eb2-A6),,,Grand Piano,26-73 (D1-Db5),,,,,,,,,,,,,,,,1911.0,197.5865,68.32450597586373,3.4958666666666667,238.85336295748954,0.9972895408163265,0.04946588010204082,0.09219547193877552,0.6903698979591837,0.08294802295918367,0.08773118622448979,0.00022369274882828491,0.01157446073114848,0.020973185309847108,0.23050485697485998,0.01785752722048869,0.017376269490959845,1.1440249639791356e-07,0.00037774908671757293,0.0009594344375723109,0.0800766788381629,0.0017813895697545046,0.001823244086200381,0.12103262701110613,-0.6268334619608593
l123-09_preludes_hommage,debussy_preludes,1: 3/4,1: -1,54,54,162.0,54,54,162.0,693.12,912,458,0,0,0,1910,1912,Claude Debussy,Hommage a S. Pickwick Esq. P. P. M. P. C.,,,,,,,,2020-06-01,3.02,Apple Macintosh,http://musescore.com/user/6053266/scores/6182418,,Hommage à S. Pickwick Esq. P. P. M. P. C.,"(Homage to S. Pickwick, Esq. P. P. M. P. C.)

No 9 from Préludes Book 2
","Claude Debussy
(1862-1918)
",3.6.2,1.2.9,debussy_preludes/MS3,debussy_preludes/MS3/l123-09_preludes_hommage.mscx,0,28-90 (E1-F#6),https://musescore.com/derek_john_benton,https://imslp.org/wiki/Special:ReverseLookup/510,Grand Piano,50-90 (D3-F#6),Grand Piano,47-83 (B2-B5),,,Grand Piano,28-65 (E1-F4),,,,,,,,,,,,,,,,1911.0,154.932,62.737200836496015,4.278518518518519,268.42227557896365,0.9950464868160341,0.00030483158055174517,0.03185490016765737,0.019661636945587563,0.9502362444749276,0.002895900015241579,0.00015111464014153694,4.960922794170507e-05,0.00562485974356635,0.003245892344037396,0.46261740559052034,0.0004905172276119615,4.03788375817391e-07,2.613439476609612e-08,3.923186871618103e-05,1.5933553098900523e-05,0.08617213085047244,1.0731230956349805e-06,0.0766715071203023,-0.48561884263576777
l123-10_preludes_canope,debussy_preludes,1: 4/4,1: -1,33,33,132.0,33,33,132.0,673.5,473,181,0,0,0,1910,1912,Claude Debussy,Canope,,,,,,,,2020-05-26,3.02,Apple Macintosh,http://musescore.com/user/6053266/scores/6173695,,Canope,"(Canopic Urn)

No 10 from Préludes Book 2
","Claude Debussy
(1862-1918)
",3.6.2,1.2.9,debussy_preludes/MS3,debussy_preludes/MS3/l123-10_preludes_canope.mscx,0,31-96 (G1-C7),https://musescore.com/derek_john_benton,https://imslp.org/wiki/Special:ReverseLookup/510,Grand Piano,56-96 (Ab3-C7),Grand Piano,38-87 (D2-Eb6),,,Grand Piano,31-68 (G1-Ab4),,,,,,,,,,,,,,,,1911.0,173.94650000000001,45.53124092752656,5.1022727272727275,232.31280882340258,0.9938814754384943,0.003263213099469728,0.07272303478818251,0.06806130178894004,0.6694248586912185,0.192646116193695,1.5386887828143002e-05,0.0003756631315619654,0.01651085875031119,0.017688095310697677,0.14729504474745853,0.03178388737298726,1.8504152801848544e-08,2.334523608042593e-06,0.0004873845139855169,0.0003014495358266043,0.0530620932851084,0.006868076481677665,0.12093849767502426,-0.3908816023305519
l123-11_preludes_tierces,debussy_preludes,1: 2/4,"1: 0, 81: 4, 91: 0, 108: -3, 125: 0",165,165,330.0,165,165,330.0,678.5,2152,1066,0,0,0,1910,1912,Claude Debussy,Les tierces alternees,,,,,,,,2020-05-30,3.02,Apple Macintosh,http://musescore.com/user/6053266/scores/6181118,,Les tierces alternées,"(Alternating Thirds)

No 11 from Préludes Book 2
","Claude Debussy
(1862-1918)
",3.6.2,1.2.9,debussy_preludes/MS3,debussy_preludes/MS3/l123-11_preludes_tierces.mscx,0,32-91 (Ab1-G6),https://musescore.com/derek_john_benton,https://imslp.org/wiki/Special:ReverseLookup/510,Grand Piano,53-84 (F3-C6),Grand Piano,32-91 (Ab1-G6),,,Grand Piano,34-52 (Bb1-E3),,,,,,,,,,,,,,,,1911.0,160.426,123.42139054766685,2.056060606060606,253.76185905027864,1.0092663593277964,0.02758658918524404,0.023743313531840983,0.2066684528043902,0.6238301567797785,0.10890512837095001,0.0008444279680229163,0.0013276125992600573,0.0012805118150164274,0.013107689612960868,0.05680408802091918,0.00894076218300354,5.32632134226995e-05,0.00029449572688280664,8.707542435804121e-05,0.004263305780699813,0.027997992319703235,0.0007531779759758885,0.12332609616909478,-0.21806297413184958
l123-12_preludes_feux,debussy_preludes,"1: 4/8, 30: 2/8, 31: 4/8, 32: 3/8, 33: 4/8, 38: 6/8, 39: 4/8, 44: 2/8, 45: 4/8, 68: 4/4, 69: 5/4, 70: 4/8, 87: 6/8, 89: 4/8","1: -1, 41: -5, 47: 0, 57: 3, 61: 0, 65: 6, 68: 0, 70: 6, 73: 0, 81: -1, 89: 0",100,100,206.25,100,100,206.25,515.73,2953,2122,0,0,0,1910,1912,Claude Debussy,Feux d'artifice,,,,,,,,2020-05-28,3.02,Apple Macintosh,http://musescore.com/user/6053266/scores/6177740,,Feux d'artifice,"(Fireworks)

No 12 from Préludes Book 2
","Claude Debussy
(1862-1918)
",3.6.2,1.2.9,debussy_preludes/MS3,debussy_preludes/MS3/l123-12_preludes_feux.mscx,0,25-96 (Db1-C7),https://musescore.com/derek_john_benton,https://imslp.org/wiki/Special:ReverseLookup/510,Grand Piano,34-96 (Bb1-C7),Grand Piano,25-93 (Db1-A6),,,Grand Piano,27-71 (Eb1-B4),,,,,,,,,,,,,,,,1911.0,264.724,46.74680044121425,2.500509090909091,116.89079947416934,1.0542296252230814,0.21111243307555028,0.22143961927424152,0.26208209399167165,0.0423081499107674,0.20882807852468768,0.008692571484431163,0.03254960945043666,0.042192272129191855,0.049288008860110304,0.006878357546062108,0.028159454119062496,0.00018685990057322292,0.009038003213068357,0.00966877085537373,0.004545801630761571,0.00017669997764706652,0.003248220961634502,0.18711956103209032,-0.17647235885593693
l132_berceuse,debussy_other_piano_pieces,1: 2/2,"1: -6, 38: 0, 49: -6",68,68,272.0,68,68,272.0,1408.5,850,329,0,0,0,1914,1914,Claude Debussy,Claude Debussy Berceuse Héroïque,,,,,,,,2020-05-24,3.02,Apple Macintosh,https://musescore.com/user/4887176/scores/6174172,,Berceuse Héroïque,"pour rendre hommage à S.M. le Roi ALBERT 1er de Belgique
et à ses Soldats
","Claude Debussy
1914
",3.6.2,1.2.9,debussy_other_piano_pieces/MS3,debussy_other_piano_pieces/MS3/l132_berceuse.mscx,0,26-84 (D1-C6),https://musescore.com/user/4887176,,Grand Piano,46-82 (Bb2-Bb5),Grand Piano,38-84 (D2-C6),,,Grand Piano,26-68 (D1-Ab4),,,,,,,,,,,,,,,,1914.0,258.2395,63.19714838357416,5.178308823529412,327.25435109655956,0.9984320934256056,0.004811851211072664,0.05238970588235294,0.24418793252595156,0.6157006920415224,0.08447772491349481,7.24878190768159e-05,0.0005843551888863117,0.007133807708826358,0.04825565580831329,0.07789559808468402,0.008486898730921875,4.27475529548534e-07,5.584962170328678e-06,0.0002363851955937869,0.00420246926474982,0.04030013076010863,0.0015877444599160775,0.11944071841388501,-0.30391756445779167
l133_page,debussy_other_piano_pieces,1: 3/4,1: -1,38,38,114.0,38,38,114.0,361.0,289,167,0,0,0,1915,1915,Claude Debussy,Page d'album,,,,,(1862-1918),,,2021-07-07,,Microsoft Windows,http://musescore.com/user/39300366/scores/6864283,,Page d'album,"<font size=""10""/>Albumleaf
<font size=""12""/>
<font size=""10""/>Pièce pour l'oeuvre du ""Vêtement du blessé""<font size=""16""/> ",Claude Debussy,3.6.2,1.2.9,debussy_other_piano_pieces/MS3,debussy_other_piano_pieces/MS3/l133_page.mscx,0,29-89 (F1-F6),https://musescore.com/user/39300366,,Piano,53-89 (F3-F6),Piano,29-77 (F1-F5),,,,,,,,(1862-1918),,,,,,,,,,,,1915.0,68.613,99.6895632023086,3.1666666666666665,315.68361680731056,0.9926131117266851,0.0030778701138811943,0.1317328408741151,0.6638965835641736,0.18282548476454294,0.02585410895660203,3.053985083482322e-05,0.000690036397186489,0.03906764958472473,0.21947080320707105,0.0432880317739033,0.006855808671500462,1.7641776583361963e-07,8.289123883182655e-08,0.002854893146155299,0.0659317704842721,0.005209628467420651,0.00015450179119123704,0.1452943041151131,-0.4287125242147106
l136-01_etudes_cinq,debussy_etudes,"1: 4/4, 6: 2/4, 7: 6/16, 11: 4/4, 17: 6/16, 21: 3/8, 27: 12/16, 97: 2/4","1: 0, 48: -7, 56: 0, 75: -4, 90: 0, 111: -5, 113: 0",116,116,317.0,116,116,317.0,682.37,2067,1354,0,0,0,1915,1915,Claude Debussy,Étude no.1: pour les cinq doigts,,,,,,,,2021-08-13,,Microsoft Windows,http://musescore.com/user/36526887/scores/6959034,,Étude no.1: pour les cinq doigts,D'après Monsieur Czerny,C. DEBUSSY,3.6.2,1.2.9,debussy_etudes/MS3,debussy_etudes/MS3/l136-01_etudes_cinq.mscx,0,24-95 (C1-B6),https://musescore.com/user/36526887,https://imslp.org/wiki/Special:ReverseLookup/246285,Piano,31-95 (G1-B6),Piano,24-84 (C1-C6),,,,,,,,,,,,,,,,,,,,1915.0,183.0,103.93442622950819,2.1525867507886436,223.727868852459,0.9999198846338728,0.007811248197404262,0.29354270149014583,0.17583319980772313,0.47917000480692196,0.04372296106393206,0.00033448665175222727,0.0007692666107680052,0.04852336326873769,0.021958760702138598,0.09483267617280923,0.0037899393105866926,9.256176528331115e-07,1.4298565375968658e-05,0.01509493632793444,0.00262411764823642,0.017728041984633406,0.0006208988032725393,0.1424312503528377,-0.24394404712594478
l136-02_etudes_tierces,debussy_etudes,1: 4/4,"1: -5, 9: 0, 14: -5, 31: 4, 35: -5, 42: 0, 49: -5, 57: 0, 63: -5",80,76,304.0,80,76,304.0,1271.42,3336,1159,0,0,0,1915,1915,,,,,,,,,,2022-02-16,,Microsoft Windows,,,Pour les Tierces,,,3.6.2,1.2.9,debussy_etudes/MS3,debussy_etudes/MS3/l136-02_etudes_tierces.mscx,0,26-94 (D1-Bb6),tunescribers.com,https://imslp.org/wiki/Special:ReverseLookup/246285,Piano,45-94 (Bbb2-Bb6),Piano,26-92 (D1-Ab6),,,,,,,,,,,,,,,,,,,,1915.0,215.0,84.83720930232558,4.182302631578947,354.8148837209303,0.9969918628808865,0.006016274238227147,0.01607946675900277,0.29007963988919666,0.6858336218836565,0.004999134349030471,6.171690397683413e-05,0.0014794848901481705,0.0021705033833189324,0.08586010655793354,0.17193730267559146,0.0008077103530362865,9.826974059414794e-09,2.5687147026511873e-06,4.0676595642050624e-05,0.007237287977324626,0.040717139874680536,3.60891211105574e-06,0.09828468013269732,-0.30131539774907895
l136-03_etudes_quartes,debussy_etudes,"1: 6/8, 7: 3/4, 13: 6/8, 19: 3/8, 20: 6/8, 22: 3/8, 23: 6/8, 25: 3/4","1: -1, 29: -6, 46: 3, 49: 0, 65: -1",85,85,252.0,85,85,252.0,969.83,1586,677,0,0,0,1915,1915,,,,,,,,,,2022-02-28,,Microsoft Windows,,,Pour les Quartes,,,3.6.2,1.2.9,debussy_etudes/MS3,debussy_etudes/MS3/l136-03_etudes_quartes.mscx,0,29-92 (F1-Ab6),,,Piano,36-92 (C2-Ab6),Piano,29-82 (F1-Bb5),,,,,,,,,,,,,,,,,,,,1915.0,311.14,48.595487561869255,3.848531746031746,187.0212765957447,0.998656,0.050336,0.048512,0.077984,0.821344,0.003168,0.00024225705063018517,0.004867516456448072,0.005371695298771705,0.008962354236923197,0.1118793490132783,0.00022109490218528917,3.86644426662039e-05,0.0003504287127080847,0.00025648358663034733,0.00040029444631173186,0.03686845098485236,3.676409132124567e-06,0.10139957199399788,-0.2531838411478079
l136-04_etudes_sixtes,debussy_etudes,"1: 3/4, 18: 4/4, 19: 3/4, 42: 4/4, 43: 3/4, 56: 2/4, 57: 3/4","1: -5, 21: -1, 27: -6, 30: -3, 32: 1, 33: -6, 38: -1, 46: -5",59,59,179.0,59,59,179.0,680.08,1734,614,0,0,0,1915,1915,,Pour les Sixtes,,,,,,,,2022-03-02,,Microsoft Windows,,,Pour les Sixtes,,,3.6.2,1.2.9,debussy_etudes/MS3,debussy_etudes/MS3/l136-04_etudes_sixtes.mscx,0,25-94 (Db1-Bb6),,,Piano,48-94 (C3-Bb6),Piano,25-77 (Db1-F5),,,,,,,,,,,,,,,,,,,,1915.0,257.0,41.78988326848249,3.7993296089385478,158.77354085603113,0.9947255079429481,0.00037452014606285694,0.08358041259636091,0.28438563091039604,0.31840454417777225,0.3185293842264598,7.045994021598461e-05,4.405712515490621e-05,0.01683200024729543,0.05425201894906106,0.0737540241183894,0.05103453231072118,5.111666202654373e-08,3.386029338306291e-09,0.002306403037424091,0.006739508731889332,0.01283376070838815,0.01903964650416304,0.14539583366131859,-0.2656192378694296
l136-05_etudes_octaves,debussy_etudes,1: 3/8,"1: 4, 11: 0, 13: 4, 15: 0, 21: 4, 23: -3, 29: 0, 33: -3, 49: -5, 59: 4, 68: -5, 83: 4, 93: -4, 95: 0, 109: 4, 115: 0, 119: 4",121,121,181.5,121,121,181.5,595.83,2046,831,0,0,0,1915,1915,,Pour les Octaves,,,,,,,,2022-03-02,,Microsoft Windows,,,Pour les Octaves,,,3.6.2,1.2.9,debussy_etudes/MS3,debussy_etudes/MS3/l136-05_etudes_octaves.mscx,0,24-95 (C1-B6),tunescribers.com,https://imslp.org/wiki/Special:ReverseLookup/246285,Piano,29-95 (F1-B6),Piano,24-79 (C1-G5),,,,,,,,,,,,,,,,,,,,1915.0,161.106,67.59524784924211,3.282809917355372,221.9023500055864,0.9960013430603462,0.001770397729007051,0.3391837855987302,0.24639052531973993,0.4009035133237691,0.015750434968407556,0.00024223295408712852,0.00018736089802105942,0.0642819178030345,0.03794472504044882,0.06505443475632415,0.0028958466660589763,8.591342958616057e-08,4.02754694797627e-07,0.009173624271597635,0.007598743592132148,0.00953888442185366,9.137766882793672e-05,0.15855031959951335,-0.17003374411579172
l136-06_etudes_huit,debussy_etudes,"1: 3/4, 2: 2/4, 4: 3/4, 5: 2/4, 43: 3/4, 44: 2/4, 46: 3/4, 47: 2/4, 55: 3/4, 61: 2/4","1: -6, 13: -3, 29: 0, 33: -6",69,68,146.0,69,68,146.0,175.25,1389,1206,0,0,0,1915,1915,,,,,,,,,,2022-02-16,,Microsoft Windows,,,Pour les huit doigts,,,3.6.2,1.2.9,debussy_etudes/MS3,debussy_etudes/MS3/l136-06_etudes_huit.mscx,0,30-90 (Gb1-Gb6),,,Piano,37-90 (Db2-Gb6),Piano,30-89 (Gb1-F6),,,,,,,,,,,,,,,,,,,,1915.0,93.133,94.0590338548098,1.2003424657534247,112.90305262366724,1.1418787158145065,0.004280618311533888,0.009417360285374553,0.43310344827586206,0.40038049940546966,0.01093935790725327,0.0077451984124972196,0.00023887445826852223,0.0006952413601747988,0.040835390572257504,0.0337131580864448,0.0010333885167474117,0.002205637757634781,1.2085958891714943e-06,6.226960756093496e-05,0.012739958325833294,0.014046720150777197,4.900103531588893e-06,0.1598029343140556,-0.17798017077988493
l136-07_etudes_degres,debussy_etudes,1: 2/4,1: 0,88,88,176.0,88,88,176.0,567.5,1953,1301,0,0,0,1915,1915,,,,,,,,,,2022-02-18,,Microsoft Windows,,,Pour les degrés chromatiques,,,3.6.2,1.2.9,debussy_etudes/MS3,debussy_etudes/MS3/l136-07_etudes_degres.mscx,0,27-94 (Eb1-Bb6),tunescribers.com,https://imslp.org/wiki/Special:ReverseLookup/246285,Piano,46-94 (Bb2-Bb6),Piano,27-88 (Eb1-E6),,,,,,,,,,,,,,,,,,,,1915.0,133.0,79.3984962406015,3.2244318181818183,256.01503759398497,1.0061714285714285,0.02357551020408163,0.08169795918367347,0.614465306122449,0.03676734693877551,0.23732244897959184,0.0024896534092130715,0.003164635096830265,0.007784238586519301,0.11724090675313124,0.003522862900034707,0.030002282994242808,7.179472729336699e-06,2.5249819966443365e-05,0.0008708320565589235,0.025186161732084766,7.552774722432332e-05,0.007510942828959323,0.15114695180163457,-0.2272995224831898
l136-08_etudes_agrements,debussy_etudes,"1: 6/8, 8: 2/4, 10: 6/8, 28: 3/8, 29: 6/8, 42: 5/8, 44: 6/8, 47: 3/8, 48: 6/8, 56: 2/4, 58: 6/8","1: -1, 10: -6, 12: -1, 13: 0, 20: 3, 27: 0, 32: 3, 35: 0, 40: 5, 43: -4, 46: 4, 49: -1",62,52,151.0,62,54,151.0,496.27,2135,1144,0,0,0,1915,1915,,Pour les agréments,,,,,,,,2022-03-05,,Microsoft Windows,,,Pour les agréments,,,3.6.2,1.2.9,debussy_etudes/MS3,debussy_etudes/MS3/l136-08_etudes_agrements.mscx,0,28-95 (E1-B6),,,Piano,36-95 (C2-B6),Piano,28-86 (E1-D6),,,,,,,,,,,,,,,,,,,,1915.0,288.746,31.377058037167618,3.2865562913907285,103.12246749738524,0.9945497950542769,0.002252150804017837,0.3341290932840863,0.12612044502499886,0.46259177514526373,0.08035674068735643,0.00021433969336308217,0.00014527209859032205,0.07788348994318367,0.027532299318980578,0.12690000697652232,0.018185329653131993,1.229957474518782e-07,1.2955359994684697e-06,0.01497879404525408,0.001509836930068972,0.009283697949290608,0.0005152337670933715,0.15762167647330913,-0.18643614351737128
l136-09_etudes_notes,debussy_etudes,1: 4/4,"1: 1, 28: 0, 50: 1, 59: 4, 63: 0, 67: 1",85,84,336.0,85,84,336.0,734.62,2026,1262,0,0,0,1915,1915,,,,,,,,,,2022-02-20,,Microsoft Windows,,,Pour les notes répétées,,,3.6.2,1.2.9,debussy_etudes/MS3,debussy_etudes/MS3/l136-09_etudes_notes.mscx,0,27-94 (Eb1-Bb6),tunescribers.com,https://imslp.org/wiki/Special:ReverseLookup/246285,Piano,29-94 (F1-Bb6),Piano,27-86 (Eb1-D6),,,,,,,,,,,,,,,,,,,,1915.0,192.4,104.78170478170478,2.186369047619048,229.09147609147607,1.0035801567333098,0.4776668560452344,0.07966525083642201,0.22489155822489157,0.02492582672762853,0.18927035143251358,0.000426907811157249,0.04010112944904187,0.004732039951197571,0.019405961500740927,0.0017589085805877276,0.014732264755215246,5.084420107929296e-06,0.020952283429705263,0.0005685621858089597,0.002602135930785103,0.00011237791889496362,0.0022162398805758744,0.1607043050897203,-0.17004540229260554
l136-10_etudes_sonorites,debussy_etudes,"1: 9/8, 15: 3/4, 38: 9/8, 59: 3/4","1: 4, 7: 0, 15: 4, 38: 7, 59: 4",75,75,277.5,75,75,277.5,1555.62,1149,440,0,0,0,1915,1915,,,,,,,,,,2022-02-22,,Microsoft Windows,,,Pour les sonorités opposées,,,3.6.2,1.2.9,debussy_etudes/MS3,debussy_etudes/MS3/l136-10_etudes_sonorites.mscx,0,25-97 (C#1-C#7),tunescribers.com,https://imslp.org/wiki/Special:ReverseLookup/246285,Piano,44-97 (G#2-C#7),Piano,25-82 (C#1-A#5),,,Piano,29-87 (F1-D#6),,,,,,,,,,,,,,,,1915.0,323.693,51.43762762864814,5.6058378378378375,288.3509992492887,0.9987319496920449,0.01793385435536463,0.43411314114176286,0.31654676258992803,0.228637234097614,0.004037058123285545,0.0001557378005723222,0.0030648924936369374,0.08012067359326903,0.08778026088716241,0.035614680263672406,0.00043775872393756534,2.480210904255635e-05,2.667308120690559e-05,0.028719660740538104,0.005474906693160439,0.0069109723259271226,3.5144092501752e-06,0.14707129536040076,-0.2679458399018619
l136-11_etudes_arpeges,debussy_etudes,1: 3/4,"1: -4, 25: 4, 27: -4, 31: 4, 33: -4, 34: 4, 38: -3, 39: 5, 46: -4",67,67,201.0,67,67,201.0,479.4,1973,1338,0,0,0,1915,1915,Claude Debussy,12 Etudes (Livre II),11,"Pour les arpèges composés
", L.136,,,,Oli 2020,2019-09-30,3.02,Apple Macintosh,http://musescore.com/user/4887176/scores/6368039,,,,"	Debussy, Claude",3.6.2,1.2.9,debussy_etudes/MS3,debussy_etudes/MS3/l136-11_etudes_arpeges.mscx,0,26-97 (D1-C#7),https://musescore.com/user/4887176,https://imslp.org/wiki/Special:ReverseLookup/246286,Grand Piano,27-97 (Eb1-C#7),Grand Piano,26-90 (D1-F#6),,,,,,"Nr 11, CD 143 ; L.136 ; Nr 11","12 Etudes (Livre II); A la mémoire de Frédéric Chopin; Pour les arpèges composés
",,,,,,,,,,,,,1915.0,255.0,47.294117647058826,2.3850746268656717,112.8,0.9960859574253176,0.006262468119491932,0.02257518749526527,0.019797479861619657,0.9435115274866797,0.011767379611625968,0.00012528228411030201,0.0011336406627325832,0.0029976315295058525,0.0036840746325566185,0.32089282942453384,0.0025459988159211872,9.380865480571246e-08,3.866758401195352e-06,3.174670449689274e-05,9.717408001299568e-06,0.06543390619765271,2.6495780359291142e-05,0.07730027649951109,-0.39139770057448353
l136-12_etudes_accords,debussy_etudes,"1: 3/8, 81: 6/8, 86: 3/8, 87: 6/8, 106: 3/8","1: 0, 81: 6, 95: -3, 96: 6, 106: 0",182,181,308.0,182,181,308.0,1541.5,2865,590,0,0,0,1915,1915,,,,,,,,,,2022-02-14,,Microsoft Windows,,,,,,3.6.2,1.2.9,debussy_etudes/MS3,debussy_etudes/MS3/l136-12_etudes_accords.mscx,0,23-97 (B0-C#7),,,Piano,26-97 (D1-C#7),Piano,23-77 (B0-F5),,,,,,,,,,,,,,,,,,,,1915.0,296.06449999999995,62.41883103175154,5.00487012987013,312.398142972224,1.0302708782056043,0.0005092892232278326,0.5229551507177795,0.16859595327271376,0.2679497925707435,0.00971893600993114,0.002966511652282732,6.309144533274226e-05,0.10432142725830121,0.027695804382722223,0.04901854720527777,0.001736700761265625,0.0004291563380717456,9.356528977689999e-08,0.02795785758946031,0.004122150117940951,0.006795445625966456,3.6386484613176e-06,0.13012680700415544,-0.28983856322398055
l138_elegie,debussy_other_piano_pieces,"1: 4/4, 11: 3/4, 12: 4/4",1: -1,21,21,83.0,21,21,83.0,321.0,280,166,0,0,0,1915,1915,Claude Debussy,Elégie,,,,,,,,2020-05-26,3.02,Apple Macintosh,http://musescore.com/user/4887176/scores/6173997,,Elégie,,Claude Debussy,3.6.2,1.2.9,debussy_other_piano_pieces/MS3,debussy_other_piano_pieces/MS3/l138_elegie.mscx,0,33-74 (A1-D5),https://musescore.com/user/4887176,,Grand Piano,50-74 (D3-D5),Grand Piano,33-60 (A1-C4),,,,,,,,,,,,,,,,,,,,1915.0,133.973,37.17166891836415,3.8674698795180724,143.76030991319146,0.9885324430251125,0.017419073885905065,0.11874002032225286,0.06561184497024242,0.7481492233996225,0.06154739439686457,0.00011195496984870832,0.0057585214558988134,0.03140739090081846,0.019332264745567804,0.24783030010553447,0.014218279238489022,0.0,0.00013673117688017974,0.0011505314543553788,0.001152310844161097,0.06982926748318828,0.00038933376502990293,0.13500370398747505,-0.392373281603577
